Team Number,Match Number,Starting Position,Hab Line 1/0,Auto # H Ship Side,Auto # H Ship Front,Auto # C Ship Side,Auto C Rkt Lvl,Auto H Rkt Lvl,Auto H Rkt Lvl [2],Auto # C Dropped,Auto # H Dropped,Tele H Ship,Tele C Ship,Tele Rocket H L1,Tele Rocket H L2,Tele Rocket H L3,Tele Rocket C L1,Tele Rocket C L2,Tele Rocket C L3,Tele Dropped C,Tele Dropped H,Def pl amt,Def pl quality,Def rec amt,Who Played D,Fouls? 0/1,Dead 0-3,Highest success,Highest attempt,Was assisted? 1/0
The Wings of Fire,1,R2,1,0,0,0,0,0,0,0,0,2,4,1,0,0,0,0,0,0,1,0,0,0,0,0,0,2,2,0
TechHOUNDS,1,M,1,0,1,0,0,0,0,0,0,0,0,2,1,2,0,1,0,0,0,0,0,0,0,0,0,3,3,0
Team 0xBE4,1,L2,1,0,0,0,0,0,0,0,0,0,3,0,0,0,2,1,0,1,0,0,0,0,0,0,0,1,1,0
Twisted Devils,1,R1,1,0,0,0,0,1,0,0,0,0,0,1,2,1,0,0,0,0,1,0,0,0,0,0,0,1,3,0
Droid Rage,1,M,1,0,0,0,0,0,0,0,0,0,3,0,0,0,2,1,0,1,0,0,0,0,0,0,0,0,0,0
Bethlehem Eagles,1,L2,1,0,0,0,0,0,0,0,0,0,1,0,0,0,0,0,0,1,0,3,1,0,0,0,1,1,1,0
Adambots,2,R2,1,0,0,0,0,0,0,0,0,1,3,2,1,0,2,1,0,1,0,0,0,0,0,0,0,3,0,0
Goon Squad,2,L2,1,0,0,1,0,0,0,0,0,0,5,0,0,0,2,1,0,0,0,0,0,1,8-bit RAMs,0,0,2,0,0
Round Table Robotics,2,M,1,0,1,0,0,0,0,0,0,0,0,2,1,0,0,0,0,0,0,0,0,1,8-bit RAMs,0,0,3,0,0
Makers Assemble,2,R2,1,0,0,0,0,2,0,0,0,0,0,0,0,0,0,0,0,0,0,3,3,0,0,0,0,2,0,0
Bomb Squad,2,M,1,0,1,0,0,2,0,0,0,0,3,0,2,0,0,1,0,3,0,0,0,1,Makers Assemble,0,0,1,2,0
8-bit RAMs,2,L2,1,0,0,0,0,0,0,0,0,0,1,0,0,0,0,0,0,0,0,2,2,0,0,0,0,2,0,0
Bobcats,3,R2,1,0,0,0,0,0,0,0,0,1,0,0,0,0,0,0,0,0,0,3,2,0,0,0,0,2,2,0
Frog Force,3,R1,1,1,0,0,0,0,0,0,0,3,0,1,1,0,0,0,0,0,0,0,0,0,0,0,0,3,3,0
Petoskey Paladins,3,L2,1,0,0,1,0,0,0,0,0,0,5,0,0,0,0,0,0,0,0,0,0,0,0,0,0,2,2,0
Aluminati,3,R2,1,0,1,0,0,0,0,0,0,0,2,2,0,0,2,0,0,0,0,0,0,0,0,0,0,1,2,0
Herobotics,3,L2,1,0,0,0,0,0,0,0,0,0,0,0,0,0,0,0,0,0,0,2,1,0,0,0,2,1,1,0
NUTRONs,3,L1,1,0,0,0,0,0,2,0,0,0,2,0,1,2,0,2,0,1,1,0,0,2,Bobcats,0,0,3,3,0
The Dynamos,4,L2,1,0,0,0,0,0,0,0,1,0,0,0,0,0,0,0,0,0,0,2,3,0,0,0,0,1,0,0
ThunderColts,4,R2,1,0,0,0,0,0,0,0,0,1,0,0,0,0,0,0,0,0,0,3,2,0,0,0,0,1,2,0
The MidKnight Inventors,4,L1,1,0,0,0,0,1,0,0,0,0,4,1,0,0,2,0,0,0,2,0,0,1,The Dynamos,0,0,0,0,0
Mineola Wild Reds,4,R2,1,0,0,1,0,0,0,0,0,0,3,0,0,0,0,0,0,0,0,2,2,0,0,0,0,2,0,0
EngiNERDs,4,L2,1,0,0,0,0,1,0,0,0,0,2,1,0,0,2,0,0,1,0,0,0,Mineola Wild Reds,3,0,0,3,0,0
Digital Fusion,4,M,1,0,1,0,0,0,0,0,0,1,1,0,1,0,0,0,0,0,1,0,0,0,0,0,0,2,0,0
The RoboBees,5,L2,1,0,0,0,0,0,0,0,0,1,2,1,0,0,2,0,0,0,0,0,0,0,0,0,0,3,3,0
MPArors,5,R2,1,1,0,0,0,0,0,0,0,0,0,2,2,0,2,0,0,1,0,0,0,0,0,0,0,2,2,0
Techno-Ticks,5,M,0,0,1,0,0,0,0,0,0,0,0,2,2,0,2,0,0,1,0,0,0,0,0,0,0,2,2,0
Cybersonics,5,M,1,0,1,0,0,0,0,0,0,0,2,0,1,0,2,2,1,0,0,0,0,1,MPArors,0,0,3,0,0
TechFire,5,R2,1,0,0,0,0,0,0,0,0,0,1,2,1,2,2,1,1,0,0,0,0,2,MPArors,0,0,1,1,0
NC GEARS,5,L2,1,0,0,0,0,1,0,0,0,0,2,1,2,2,0,1,1,0,0,0,0,0,0,0,0,0,0,0
Shaker Robotics,6,R2,1,0,0,0,0,0,0,0,0,0,0,0,1,1,0,0,0,0,0,0,0,0,0,0,2,0,0,0
Raid Zero,6,M,1,0,0,0,0,0,0,0,0,0,2,0,0,1,0,0,0,2,0,0,0,0,0,0,0,3,0,0
Talon Robotics,6,L2,1,0,0,0,0,0,0,0,0,0,3,1,0,0,0,0,0,0,1,0,0,0,0,0,0,1,0,0
Charger Robotics,6,L2,0,0,0,0,0,0,0,0,0,1,3,0,0,0,0,0,0,0,1,0,0,0,0,0,0,1,3,0
Machine Mavericks,6,M,1,0,0,0,0,0,0,0,0,0,1,2,0,0,0,0,0,1,0,0,0,0,0,0,0,2,0,0
The Bad News Gears,6,R2,1,0,0,0,0,0,0,0,0,0,1,0,0,0,0,0,0,0,0,3,2,0,0,0,0,1,0,0
Team Rembrandts,7,R2,1,0,0,0,0,0,1,0,0,0,0,3,2,1,0,0,0,0,1,0,0,2,7885,0,0,0,3,0
Code Red Robotics,7,L1,1,0,0,0,0,0,0,0,0,0,0,0,1,1,0,0,0,0,0,2,2,0,0,0,0,2,2,0
BONDS,7,M,1,0,0,0,0,0,0,0,0,2,3,0,0,0,2,0,0,0,0,0,0,0,0,0,1,1,2,0
Code Red Robotics the Stray Dogs,7,R1,1,0,0,0,0,0,0,0,0,0,0,0,0,0,1,1,0,0,0,0,0,0,0,0,0,3,3,0
ThunderChickens,7,L1,1,0,0,0,0,0,0,0,1,0,1,1,0,0,0,0,0,0,1,0,0,0,0,0,0,2,2,0
EC.exe,7,M,1,0,1,0,0,0,0,0,0,1,0,0,0,0,0,0,0,0,0,2,3,0,0,0,0,1,2,0
PVC Pirates,8,M,1,0,1,0,0,0,0,0,0,0,0,2,1,0,2,0,0,0,0,0,0,0,0,0,0,2,0,0
Brighton TechnoDogs,8,M,1,0,1,0,0,0,0,0,0,1,4,2,0,0,0,0,0,0,0,0,0,0,0,0,0,3,0,0
Miracle Workerz,8,R2,1,0,0,0,0,0,0,0,1,0,1,0,0,0,0,0,0,0,0,0,0,3,SWAT,0,0,2,0,0
SWAT,8,L2,1,0,0,0,0,0,0,0,0,0,0,0,0,0,0,0,0,0,0,3,4,0,0,0,0,1,0,0
Riverside RoboTigers,8,L2,1,0,0,0,0,0,0,0,0,0,0,0,0,0,0,0,0,0,1,3,2,0,0,0,0,1,0,0
Gompei and the H.E.R.D.,8,R2,1,0,0,0,0,0,0,0,0,0,1,2,2,0,0,0,0,0,0,0,0,2,2630,0,0,3,0,0
Solista,9,L2,1,0,0,0,0,1,0,0,0,0,2,1,1,0,2,0,0,1,0,0,0,0,0,0,0,1,2,0
SCH Vulcan Robotics,9,R2,1,0,1,0,0,0,0,0,0,0,5,0,0,0,0,0,0,1,0,0,0,0,0,0,0,3,0,0
S.P.E.E.D,9,M,1,0,1,0,0,0,0,0,0,0,0,2,2,2,2,2,2,1,0,0,0,0,0,0,0,2,0,0
The Blair Robot Project,9,M,1,0,1,0,0,0,0,0,0,1,2,3,0,0,0,0,0,0,0,0,0,0,0,0,0,2,0,0
Disruptive Technologies,9,R2,1,0,0,0,0,0,0,0,0,1,0,0,0,0,0,0,0,0,1,0,0,0,0,0,0,1,0,0
Java Knights,9,L2,1,0,0,0,0,0,0,0,0,0,0,0,1,0,0,0,0,0,0,0,0,0,0,0,0,0,0,0
Team FridgeBot,10,R2,1,0,1,0,0,0,0,0,0,0,6,0,0,0,1,0,0,0,0,0,0,0,0,0,0,2,2,0
X-CATS,10,M,1,0,0,0,0,0,0,0,0,0,0,0,0,0,0,0,0,0,0,1,1,0,0,0,3,0,0,0
TJ,10,L2,1,0,0,0,0,0,1,0,0,1,1,3,0,0,3,0,0,0,1,0,0,0,0,0,0,3,3,0
Pascack Pioneers,10,R2,1,1,0,0,0,0,0,0,0,0,0,0,2,2,0,0,1,1,0,0,0,0,0,0,0,2,2,0
Buzz Robotics,10,M,0,0,0,0,0,0,0,0,0,1,0,0,0,1,0,0,0,1,0,0,0,0,0,0,0,2,2,0
Mecanum Knights,10,L2,1,0,0,0,0,0,0,0,0,0,1,2,0,0,2,0,0,0,1,0,0,0,0,0,0,3,3,0
Sabre Bytes Robotics,11,M,1,0,0,0,0,0,0,0,0,0,4,0,0,0,0,0,0,1,1,0,0,0,0,0,0,3,0,0
MARS/WARS,11,M,1,0,0,0,0,0,0,0,0,0,2,0,0,0,0,0,0,0,2,0,0,0,0,0,0,3,0,0
Kil-A-Bytes,11,R2,1,1,0,0,0,0,0,0,0,1,0,2,0,1,0,0,0,3,1,0,0,0,0,0,0,1,0,0
Formosan Sika,11,R2,1,0,0,0,0,0,0,0,0,0,1,0,0,0,0,0,0,0,0,0,0,0,0,0,2,2,0,0
Fe Maidens,11,L2,1,0,0,0,0,0,0,0,1,1,3,0,0,0,0,0,0,1,0,0,0,0,0,0,0,1,2,0
POBots,11,L2,1,0,0,0,0,0,0,0,0,0,0,0,0,0,0,0,0,0,0,3,4,0,0,0,0,1,0,0
Bomb Squad,12,L1,1,0,0,0,0,0,2,0,0,0,1,2,1,2,2,2,2,0,0,0,0,0,0,0,0,1,1,0
The Dynamos,12,R2,1,0,0,0,0,0,0,0,0,1,1,0,0,0,0,0,0,3,0,2,3,0,0,0,0,1,1,0
8-bit RAMs,12,L2,0,0,0,0,0,0,0,0,0,0,0,0,0,0,0,0,0,1,0,3,2,0,0,0,0,1,1,0
Shaker Robotics,12,R1,1,0,0,0,0,0,0,0,0,0,1,1,1,1,0,0,0,2,1,0,0,1,8-bit RAMs,0,0,3,3,0
Lindblom Electric Eagles,12,L2,1,0,0,0,0,0,0,0,0,1,0,0,0,0,0,0,0,0,0,2,1,0,0,0,0,2,2,0
TechHOUNDS,12,R2,1,0,0,0,0,1,0,0,0,1,3,1,0,0,0,0,0,1,0,0,0,2,The Dynamos,0,0,1,3,0
The RoboBees,13,M,1,0,1,0,0,0,0,0,0,0,0,4,0,0,2,0,0,1,0,0,0,3,Bethlehem Eagles,0,0,3,0,0
Bethlehem Eagles,13,L2,1,0,0,0,0,0,0,0,0,0,0,0,0,0,0,0,0,1,0,3,2,0,0,0,0,1,0,0
Bobcats,13,M,1,0,1,0,0,0,0,0,0,1,0,2,0,0,0,0,0,0,0,0,0,0,0,0,0,2,0,0
Riverside RoboTigers,13,R2,1,0,0,0,0,0,0,0,0,1,3,0,0,0,0,0,0,1,0,0,0,0,0,0,0,2,0,0
Digital Fusion,13,L2,1,0,0,0,0,0,0,0,0,0,1,0,0,0,0,0,0,2,0,0,0,0,0,0,0,2,0,0
Charger Robotics,13,R2,1,0,0,1,0,0,0,0,0,1,4,0,0,0,1,0,0,1,0,0,0,0,0,0,0,1,0,0
Frog Force,14,L1,1,1,0,0,0,0,0,0,0,0,0,2,2,0,0,2,0,1,1,0,0,0,0,0,0,3,3,0
The Blair Robot Project,14,M,0,0,1,0,0,0,0,0,0,1,2,2,0,0,1,0,0,1,0,0,0,0,0,0,0,1,1,0
Raid Zero,14,M,1,0,0,0,0,0,0,0,1,0,3,1,1,0,1,0,1,0,1,0,0,0,0,0,0,0,1,0
Mineola Wild Reds,14,R2,1,0,0,1,0,0,0,0,0,0,0,0,0,0,0,0,0,0,0,3,4,0,0,1,0,2,2,0
The Wings of Fire,14,R2,1,0,0,0,0,0,0,0,0,2,3,1,0,0,1,0,0,0,0,0,0,1,Mineola Wild Reds,0,0,3,3,0
TechFire,14,L2,1,0,0,0,0,1,0,0,0,0,1,1,2,2,0,0,0,0,0,0,0,0,0,0,0,1,1,0
Team 0xBE4,15,R2,1,0,0,1,0,0,0,0,0,0,5,0,0,0,2,0,0,1,0,0,0,0,0,0,0,2,2,0
SCH Vulcan Robotics,15,M,1,0,0,0,0,0,0,0,1,0,0,2,2,1,0,0,0,0,1,0,0,0,0,0,0,2,2,0
Mecanum Knights,15,L1,1,0,0,1,0,0,0,0,0,2,0,4,0,0,0,0,0,0,1,0,0,0,0,0,0,3,3,0
Machine Mavericks,15,M,1,0,0,0,0,0,0,0,1,0,0,0,0,0,0,0,0,0,0,3,2,0,0,0,0,2,2,0
Disruptive Technologies,15,R2,0,0,0,0,0,0,0,0,0,0,1,0,0,0,0,0,0,0,0,3,2,0,0,0,0,1,1,0
Goon Squad,15,L2,0,0,0,0,0,0,0,1,0,0,6,0,0,0,1,0,0,2,0,0,0,2,Machine Mavericks,0,0,3,3,0
PVC Pirates,16,R1,0,0,0,0,0,0,0,0,1,1,0,2,1,2,0,0,0,0,0,0,0,0,0,0,0,1,1,0
ThunderColts,16,M,0,0,0,0,0,0,0,0,0,0,0,0,0,0,0,0,0,0,1,2,3,0,0,0,0,2,2,0
Talon Robotics,16,R2,1,0,0,1,0,0,0,0,0,1,3,0,0,0,0,0,0,0,0,0,0,0,0,0,0,3,3,0
SWAT,16,R2,1,0,1,0,0,0,0,0,0,0,0,0,0,0,0,0,0,0,0,3,4,0,0,1,0,1,1,0
Pascack Pioneers,16,L2,1,1,0,0,0,0,0,0,0,0,2,1,0,2,0,0,2,0,0,0,0,0,0,0,0,2,2,0
Petoskey Paladins,16,L2,1,0,0,1,0,0,0,0,0,0,3,0,0,0,1,0,0,0,0,0,0,1,ThunderColts,0,0,1,2,0
S.P.E.E.D,17,M,1,0,1,0,0,0,0,0,0,0,0,2,2,2,0,2,1,1,0,0,0,0,0,0,0,0,3,0
EC.exe,17,L2,1,0,0,0,0,0,0,0,0,0,0,0,0,0,0,0,0,0,0,3,2,0,0,0,0,1,2,0
Fe Maidens,17,L2,0,0,0,0,0,1,0,0,0,0,3,0,1,0,0,0,0,1,1,0,0,0,0,0,0,1,1,0
Bomb Squad,17,R2,1,0,0,0,0,2,0,0,0,0,2,2,1,2,2,2,2,0,0,0,0,0,0,0,0,1,1,0
NUTRONs,17,R1,0,0,0,0,0,1,0,0,1,0,1,0,1,1,0,2,2,1,0,0,0,3,EC.exe,0,0,3,3,0
Buzz Robotics,17,M,1,0,0,0,0,0,0,0,0,3,1,0,0,0,2,0,0,0,0,0,0,0,0,0,0,1,1,0
BONDS,18,M,0,0,1,0,0,0,0,0,0,1,0,1,0,0,0,0,0,1,0,1,4,0,0,0,0,0,0,0
Droid Rage,18,M,0,0,0,0,0,0,0,0,0,0,3,0,0,0,2,1,0,1,0,0,0,0,0,0,0,1,1,0
The MidKnight Inventors,18,L1,1,0,0,0,0,0,1,0,0,0,1,1,2,2,1,0,0,1,1,0,0,1,BONDS,0,0,0,0,0
Sabre Bytes Robotics,18,L2,1,0,0,0,0,0,0,0,0,1,1,0,0,1,0,1,0,0,0,0,0,0,0,0,0,2,2,0
Adambots,18,L2,1,0,0,0,0,1,0,0,0,0,0,1,2,1,3,2,0,0,0,0,0,0,0,0,0,3,3,0
TJ,18,R2,1,0,0,0,0,1,0,0,0,0,4,1,0,0,3,0,0,0,1,0,0,0,0,0,0,3,3,0
NC GEARS,19,R2,0,0,0,0,0,1,0,0,0,0,2,1,2,2,1,2,1,0,0,0,0,2,Makers Assemble,0,0,0,0,0
ThunderChickens,19,R1,1,0,0,0,0,2,0,0,0,0,0,2,1,2,1,2,2,0,1,0,0,0,0,0,0,0,0,0
Gompei and the H.E.R.D.,19,L2,1,0,1,0,0,0,0,0,0,0,4,0,0,0,1,2,1,4,0,0,0,0,0,0,0,3,3,0
Solista,19,M,1,0,1,0,0,0,0,0,0,0,1,0,0,0,0,1,0,2,0,1,3,1,Makers Assemble,0,0,3,3,0
ThunderChickens,19,R1,0,0,0,0,0,2,0,0,0,0,0,1,1,2,1,2,2,0,1,0,0,0,0,0,0,0,1,0
Shaker Robotics,19,L2,1,0,0,0,0,0,0,0,0,0,0,0,2,0,0,0,0,0,2,0,0,0,0,0,2,0,0,0
Java Knights,20,L2,1,0,0,0,0,0,0,0,1,0,2,0,0,0,0,0,0,0,0,1,1,0,0,0,0,1,1,0
MARS/WARS,20,R2,1,0,0,0,0,0,0,0,0,0,0,1,0,0,2,1,0,0,0,0,0,3,Team Rembrandts,0,0,3,3,0
The Bad News Gears,20,L2,0,0,0,1,0,0,0,0,0,0,1,0,0,0,3,0,0,1,0,0,0,0,0,0,0,0,0,0
Cybersonics,20,R1,0,0,0,0,0,1,0,0,0,0,0,0,2,2,0,1,2,0,1,0,0,0,0,0,0,1,2,0
Team Rembrandts,20,R2,1,0,0,0,0,0,0,0,0,0,0,2,0,0,0,0,0,0,0,3,2,0,0,1,0,3,3,0
Formosan Sika,20,M,1,0,1,0,0,0,0,0,0,0,0,1,0,0,0,0,0,3,1,2,0,0,0,0,0,0,1,0
X-CATS,21,L2,1,0,0,0,0,1,0,0,0,0,1,1,2,0,0,0,0,0,1,0,0,0,0,0,0,2,2,0
Bomb Squad,21,L1,1,0,0,0,0,2,0,0,0,0,0,0,2,3,0,3,2,0,0,0,0,2,Miracle Workerz,0,0,1,3,0
Miracle Workerz,21,M,1,0,1,0,0,0,0,0,0,0,4,2,0,0,2,0,0,2,0,0,0,0,0,0,0,3,3,0
Round Table Robotics,21,M,1,0,0,1,0,0,0,0,0,0,0,2,2,0,0,0,0,2,0,0,0,1,POBots,0,0,0,3,0
POBots,21,R2,1,0,0,1,0,0,0,0,0,0,0,0,0,0,0,0,0,0,0,3,3,0,0,0,0,2,2,0
Herobotics,21,L2,1,0,1,0,0,0,0,0,0,0,0,0,0,0,0,0,0,0,0,0,0,0,0,0,3,0,0,0
MPArors,22,L2,1,1,0,0,0,0,0,0,0,2,0,4,0,0,0,0,0,0,1,0,0,1,Lindblom Electric Eagles,0,0,3,3,0
Lindblom Electric Eagles,22,M,1,0,0,0,0,0,0,0,0,1,0,0,0,0,0,0,0,0,0,3,3,0,0,1,0,1,1,0
Brighton TechnoDogs,22,L1,1,0,0,1,0,0,0,0,0,0,5,0,0,0,3,2,0,0,0,0,0,1,Lindblom Electric Eagles,0,0,1,3,0
Aluminati,22,L2,1,0,0,0,0,1,0,0,0,1,4,1,0,0,2,0,0,0,0,0,0,0,0,0,0,2,2,0
Code Red Robotics,22,M,1,0,1,0,0,0,0,0,0,0,0,0,3,0,0,0,0,0,1,0,0,2,Lindblom Electric Eagles,0,0,2,2,0
EngiNERDs,22,R2,1,0,0,0,0,0,0,0,0,0,3,2,0,0,1,0,0,2,0,0,0,0,0,0,0,3,3,0
Twisted Devils,23,M,0,0,1,0,0,0,0,0,0,0,1,0,0,0,2,0,2,1,0,0,0,0,0,0,0,0,1,0
Kil-A-Bytes,23,R2,1,1,0,0,0,0,0,0,0,0,0,2,2,1,0,0,0,0,0,0,0,0,0,0,0,1,1,0
Team FridgeBot,23,M,1,0,1,0,0,0,0,0,0,1,0,0,0,0,1,2,0,1,1,0,0,0,0,0,0,2,2,0
Talon Robotics,23,L2,0,0,0,0,0,0,0,0,0,0,3,0,0,0,0,0,0,2,0,0,0,0,0,0,0,3,3,0
Techno-Ticks,23,L2,1,0,0,0,0,1,0,0,0,0,0,2,1,2,0,2,1,0,0,0,0,0,0,0,0,1,2,0
Code Red Robotics the Stray Dogs,23,R1,1,0,0,0,0,0,1,0,0,0,0,1,2,2,3,2,1,0,0,0,0,0,0,0,0,3,3,0
Adambots,24,L2,1,0,1,0,0,0,0,0,0,0,6,0,0,0,1,2,0,1,0,0,0,2,Shaker Robotics,0,0,3,3,0
Bethlehem Eagles,24,R2,1,0,0,0,0,0,0,0,0,0,0,0,0,0,1,0,0,1,0,2,2,0,0,0,0,1,1,0
NUTRONs,24,L1,1,0,0,0,0,2,3,0,0,0,0,2,1,2,2,2,1,0,0,0,0,0,0,0,0,3,3,0
NC GEARS,24,R2,1,0,0,0,0,1,0,0,0,0,0,1,1,1,1,1,0,1,2,0,0,2,Shaker Robotics,0,0,1,1,0
SCH Vulcan Robotics,24,M,0,0,1,0,0,0,0,0,0,0,0,0,0,0,0,0,0,0,0,3,1,0,0,1,0,0,1,0
Shaker Robotics,24,M,1,0,1,0,0,0,0,0,0,0,0,0,0,0,0,0,0,0,2,2,3,0,0,0,0,1,2,0
The Dynamos,25,L2,0,0,0,0,0,0,0,0,0,1,0,0,0,0,0,0,0,0,0,3,4,0,0,0,0,1,1,0
Solista,25,M,0,0,0,0,0,0,0,0,0,4,0,0,0,0,0,0,0,0,2,0,0,0,0,0,0,1,1,0
Petoskey Paladins,25,R2,1,0,0,1,0,0,0,0,0,0,4,0,0,0,0,0,0,2,0,0,0,0,0,0,0,1,1,0
TechFire,25,R2,0,0,0,0,0,1,0,0,0,0,1,1,0,1,0,0,0,1,0,0,0,3,The Dynamos,0,0,3,3,0
EC.exe,25,M,1,0,0,0,0,0,0,0,0,0,0,0,0,0,0,0,0,0,0,3,1,0,0,0,0,1,1,0
Riverside RoboTigers,25,L2,1,0,1,0,0,0,0,0,0,0,3,2,0,0,0,0,0,2,1,0,0,0,0,0,0,2,2,0
Miracle Workerz,26,L2,1,0,0,0,0,0,0,0,0,0,0,0,0,2,0,1,2,3,0,0,0,0,0,0,0,2,2,0
Raid Zero,26,R2,1,1,0,0,0,0,0,0,0,0,1,0,2,2,0,0,0,1,0,0,0,0,0,0,0,3,3,0
ThunderChickens,26,L1,1,0,0,0,0,0,0,0,0,0,0,2,2,2,0,2,2,1,0,0,0,0,0,0,0,2,2,0
Round Table Robotics,26,M,0,0,0,0,0,0,0,0,0,0,0,0,0,0,0,0,0,0,0,0,0,0,0,0,0,0,0,0
ThunderColts,27,L2,1,0,0,0,0,1,0,0,0,0,0,0,0,0,0,0,0,0,0,3,3,0,0,0,0,0,0,0
S.P.E.E.D,27,M,0,0,0,0,0,0,0,0,0,0,1,1,1,2,0,0,0,0,0,0,0,0,0,0,0,2,3,0
TechHOUNDS,27,R2,1,0,0,0,0,0,0,0,0,1,0,2,1,0,2,0,0,1,0,0,0,0,0,0,0,0,3,0
Machine Mavericks,27,M,1,0,0,0,0,0,0,0,0,1,2,0,0,0,0,0,0,1,1,0,0,0,0,0,0,2,2,0
Aluminati,28,R2,1,0,1,0,0,0,0,0,0,1,1,2,0,0,2,0,0,0,1,0,0,0,0,0,0,2,2,0
Sabre Bytes Robotics,28,M,0,0,0,0,0,0,0,0,0,1,1,0,0,0,0,0,0,0,0,0,0,1,8-bit RAMs,0,0,1,1,0
8-bit RAMs,28,R1,1,0,0,1,0,0,0,0,0,0,0,0,0,0,0,0,0,0,0,3,2,0,0,0,0,2,2,0
Charger Robotics,28,L2,1,0,0,1,0,0,0,0,0,0,6,0,0,0,0,0,0,0,0,0,0,2,8-bit RAMs,0,0,3,3,0
EngiNERDs,28,R2,1,0,0,0,0,0,1,0,0,0,0,0,0,0,0,0,0,0,0,0,0,0,0,0,3,0,0,0
The Wings of Fire,28,L2,1,0,0,0,0,0,0,0,0,0,3,2,0,0,3,0,0,0,0,0,0,0,0,0,0,3,3,0
X-CATS,29,R2,1,0,0,0,0,1,0,0,0,0,0,1,0,0,0,0,0,0,1,3,2,0,0,0,0,1,1,0
Gompei and the H.E.R.D.,29,R2,1,0,0,0,0,1,0,0,0,0,4,0,0,0,0,0,0,0,0,0,0,1,X-CATS,0,0,3,3,0
Twisted Devils,29,R1,1,0,0,0,0,1,0,0,0,0,0,1,2,2,0,0,0,0,1,0,0,0,0,0,0,3,3,0
Lindblom Electric Eagles,29,M,0,0,0,0,0,0,0,0,0,1,0,0,0,0,0,0,0,0,0,0,0,0,0,0,0,2,2,0
The Bad News Gears,29,L2,1,0,0,1,0,0,0,0,0,0,1,0,0,0,2,1,0,1,0,0,0,0,0,0,0,1,2,0
Bomb Squad,29,L2,1,0,0,0,0,2,2,0,0,0,2,2,0,2,0,2,1,2,1,0,0,0,0,0,0,0,0,0
Team FridgeBot,30,R2,1,0,0,0,0,1,0,0,0,0,5,0,0,0,1,0,0,1,0,0,0,0,0,0,0,2,2,0
The RoboBees,30,M,1,0,1,0,0,0,0,0,0,0,0,2,0,0,2,0,0,0,2,0,0,0,0,0,0,3,3,0
The Blair Robot Project,30,M,1,0,1,0,0,0,0,0,0,1,1,1,0,0,3,0,0,1,0,0,0,0,0,0,0,0,0,0
PVC Pirates,30,R1,1,0,0,0,0,1,0,0,0,0,0,1,2,0,2,2,0,1,0,0,0,0,0,0,0,2,2,0
The MidKnight Inventors,30,L1,1,0,0,0,0,1,0,0,0,0,1,1,2,2,0,2,2,2,0,0,0,0,0,0,0,3,3,0
Fe Maidens,30,L2,1,0,0,0,0,0,0,0,0,0,3,0,0,0,0,0,0,1,1,0,0,0,0,0,0,0,1,0
Droid Rage,31,M,1,0,0,0,0,0,0,0,0,0,3,0,0,0,1,0,0,1,0,0,0,0,0,0,0,1,0,0
Cybersonics,31,L1,1,0,0,0,0,0,0,0,1,0,0,2,2,2,0,0,0,0,1,0,0,0,0,0,0,2,0,0
Goon Squad,31,R2,1,0,0,1,0,0,0,0,0,0,3,0,0,0,1,2,2,0,0,0,0,0,0,0,0,3,0,0
Kil-A-Bytes,31,L2,0,0,0,0,0,0,0,0,0,0,0,0,0,0,0,0,0,0,0,0,0,0,0,0,0,0,0,0
Goon Squad,31,M,1,0,1,0,0,0,0,0,0,1,0,1,2,2,0,0,0,0,0,0,0,0,0,0,0,1,1,0
Bomb Squad,31,R2,1,0,0,0,0,2,0,0,0,0,0,2,1,2,0,2,2,1,1,0,0,0,0,0,0,3,3,0
Brighton TechnoDogs,32,M,1,0,1,0,0,0,0,0,0,0,0,2,2,0,2,1,0,0,0,0,0,0,0,0,0,3,3,0
Team Rembrandts,32,R2,1,0,0,0,0,1,0,0,0,1,0,1,3,2,0,0,0,0,0,0,0,0,0,0,0,3,3,0
MPArors,32,L2,1,1,0,0,0,0,0,0,0,3,0,2,0,0,0,0,0,0,3,0,0,0,0,0,0,2,2,0
Techno-Ticks,32,L1,0,0,0,0,0,0,0,0,0,0,2,0,0,1,0,0,0,0,0,0,0,2,Herobotics,0,0,2,2,0
Herobotics,32,M,1,0,1,0,0,0,0,0,0,0,0,0,0,0,0,0,0,0,1,3,2,0,0,0,0,1,1,0
Mineola Wild Reds,32,R1,1,1,0,0,0,0,0,0,0,0,3,0,0,0,0,0,0,0,0,0,0,0,0,0,0,2,2,0
Code Red Robotics,33,M,1,0,1,0,0,0,0,0,0,0,0,3,0,2,0,0,0,0,0,0,0,0,0,0,0,2,2,0
Team 0xBE4,33,R2,1,0,0,1,0,0,0,0,0,0,0,0,0,0,0,0,0,0,0,0,0,0,0,0,0,0,0,0
Bobcats,33,M,1,0,0,0,0,0,0,0,0,1,0,0,0,0,0,0,0,0,0,2,1,0,0,0,0,2,2,0
MARS/WARS,33,R2,1,0,0,0,0,0,0,0,0,1,2,1,1,0,1,0,1,0,0,0,0,0,0,0,0,3,3,0
TJ,33,L2,1,0,0,0,0,0,0,0,0,0,0,1,0,0,1,2,2,0,0,0,0,2,3501,0,0,2,2,0
Digital Fusion,33,L2,1,0,0,1,0,0,0,0,0,1,0,2,1,0,0,0,0,1,1,0,0,0,0,0,0,2,2,0
Buzz Robotics,34,M,1,0,0,0,0,0,0,0,0,0,3,2,1,0,0,0,0,0,1,0,0,0,0,0,0,2,2,0
POBots,34,L2,1,0,0,0,0,0,0,0,0,0,4,0,0,0,0,0,0,2,0,0,0,0,0,0,0,1,2,0
SWAT,34,R2,1,0,0,0,0,0,0,0,0,1,0,0,0,0,0,0,0,0,0,3,2,0,0,0,0,1,1,0
0,34,L1,1,1,0,0,0,0,0,0,0,0,0,1,0,0,1,0,0,2,0,0,0,0,0,0,0,3,3,0
TechHOUNDS,35,L2,1,0,0,0,0,1,0,0,0,1,0,1,1,1,0,0,0,0,1,0,0,0,0,0,0,3,3,0
EngiNERDs,35,M,1,0,1,0,0,0,0,0,0,0,0,1,2,0,0,0,0,0,0,0,0,0,0,0,0,2,2,0
The Bad News Gears,35,R2,1,0,0,1,0,0,0,0,0,0,0,0,0,0,0,1,0,0,0,3,2,0,0,0,0,1,0,0
Petoskey Paladins,35,L2,1,0,0,1,0,0,0,0,0,0,3,0,0,0,0,0,0,1,0,0,0,0,0,0,0,1,1,0
PVC Pirates,35,M,1,0,1,0,0,0,0,0,0,1,1,1,0,0,1,0,0,4,0,0,0,0,0,0,0,1,1,0
EngiNERDs,35,R2,1,0,0,0,0,1,0,0,0,0,2,2,0,0,1,0,0,0,1,0,0,0,0,0,0,3,3,0
Solista,36,R2,1,0,0,0,0,0,0,0,0,0,2,0,1,0,1,0,0,1,0,0,0,0,0,0,0,1,2,0
The Wings of Fire,36,R2,1,1,0,0,0,0,0,0,0,0,6,0,0,0,0,0,0,1,0,0,0,0,0,0,0,3,3,0
Cybersonics,36,L1,1,0,0,0,0,1,0,0,0,0,0,0,2,2,1,0,1,0,1,0,0,0,0,0,0,2,2,0
X-CATS,36,L2,1,0,0,0,0,0,0,0,0,0,0,0,0,0,0,0,0,0,0,0,0,0,0,0,0,1,1,0
Adambots,36,L2,1,0,1,0,0,0,0,0,0,1,4,0,0,0,0,0,0,0,1,0,0,0,0,0,0,0,3,0
Fe Maidens,36,M,1,0,0,0,0,0,0,0,0,0,0,1,0,0,0,0,0,1,0,0,0,0,0,0,0,1,1,0
Java Knights,37,R2,1,0,0,0,0,0,0,0,0,0,0,0,0,0,0,0,0,0,0,3,1,0,0,1,0,0,1,0
Code Red Robotics the Stray Dogs,37,M,1,0,0,0,0,0,0,0,0,0,0,1,0,0,0,0,0,0,0,3,1,0,0,0,0,0,1,0
Shaker Robotics,37,L2,1,0,0,0,0,2,0,0,0,0,0,2,1,2,1,2,1,0,0,0,0,0,0,0,0,2,2,0
Pascack Pioneers,37,L2,1,0,1,0,0,0,0,0,0,0,3,0,0,0,2,2,0,0,0,0,0,0,0,0,0,2,2,0
The MidKnight Inventors,37,L1,1,0,0,0,0,1,0,0,0,0,0,1,1,2,1,0,0,0,1,0,0,0,0,0,0,3,3,0
Bomb Squad,37,R2,1,0,0,0,0,1,2,0,0,0,1,1,3,2,0,0,0,0,0,0,0,0,0,0,0,1,1,0
Code Red Robotics,38,M,0,0,0,0,0,0,0,0,0,0,0,0,0,0,0,0,0,0,0,3,4,0,0,0,0,2,2,0
Bomb Squad,38,L1,1,0,0,0,0,2,0,0,0,0,2,2,1,2,2,2,2,0,0,0,0,0,0,0,0,3,3,0
Sabre Bytes Robotics,38,R2,0,0,0,0,0,0,0,0,0,1,4,0,0,0,0,0,0,0,0,0,0,0,0,0,0,2,2,0
Techno-Ticks,38,L1,1,0,0,0,0,1,0,0,0,0,0,0,1,0,0,0,0,0,1,0,0,0,0,0,0,1,1,0
Mecanum Knights,38,R1,1,0,0,0,0,0,0,0,1,1,2,0,0,0,1,0,0,1,0,1,1,0,0,0,0,1,1,0
SCH Vulcan Robotics,39,L2,1,0,0,0,0,0,0,0,0,1,0,0,0,0,0,0,0,0,0,3,3,0,0,0,0,3,3,0
Frog Force,39,M,1,0,1,0,0,0,0,0,0,0,4,0,0,0,1,0,0,2,0,0,0,0,0,0,0,0,3,0
ThunderColts,39,R2,1,0,0,0,0,0,0,0,0,0,0,1,0,0,0,0,0,0,0,3,3,0,SCH Vulcan Robotics,1,0,1,2,0
Brighton TechnoDogs,39,M,1,0,0,0,0,0,0,0,0,1,0,3,0,0,3,0,0,1,1,0,0,2,ThunderColts,0,0,2,2,0
Charger Robotics,39,R2,1,0,0,1,0,0,0,0,0,1,5,0,0,0,0,0,0,0,0,0,0,1,ThunderColts,0,0,1,1,0
EC.exe,39,L2,1,0,0,0,0,1,0,0,0,1,0,2,0,0,0,0,0,0,2,0,0,0,0,0,0,0,2,0
Goon Squad,40,R2,1,0,0,1,0,0,0,0,0,0,5,0,0,0,1,0,0,3,0,0,0,0,0,0,0,1,2,0
Twisted Devils,40,M,1,0,0,0,0,0,0,0,0,0,2,0,0,1,0,0,0,0,0,0,0,0,0,0,0,3,3,0
SWAT,40,L2,1,0,0,0,0,0,0,0,0,0,0,0,0,0,0,0,0,0,1,3,3,0,0,0,0,1,2,0
Mineola Wild Reds,40,R2,1,0,0,1,0,0,0,0,0,0,0,0,0,0,0,0,0,0,0,3,1,0,0,0,0,1,1,0
ThunderChickens,40,L1,1,0,0,0,0,2,0,0,0,0,2,0,0,0,0,0,0,0,1,0,0,0,0,0,0,1,1,0
The RoboBees,40,M,1,0,1,0,0,0,0,0,0,2,0,4,0,0,1,0,0,0,0,0,0,0,0,0,0,3,3,0
Team Rembrandts,41,R2,1,0,0,0,0,0,0,0,0,1,0,2,3,1,0,0,0,0,0,0,0,0,0,0,0,0,0,0
The Blair Robot Project,41,M,1,0,1,0,0,0,0,0,0,0,1,2,0,0,2,0,0,1,1,0,0,0,0,0,1,0,3,0
Aluminati,41,R1,1,0,0,0,0,0,0,0,0,1,3,2,0,0,2,0,0,1,0,0,0,0,0,0,0,1,1,0
TJ,41,L2,1,0,0,0,0,1,0,0,0,0,0,1,0,0,1,1,0,1,0,0,0,3,Riverside RoboTigers,0,0,3,3,0
Makers Assemble,41,M,1,0,1,0,0,0,0,0,0,1,4,0,0,0,1,0,0,0,0,0,0,0,0,0,0,2,2,0
Riverside RoboTigers,41,L2,1,1,0,0,0,0,0,0,0,0,0,0,0,0,0,0,0,0,0,0,0,2,2,0,0,2,2,0
Team FridgeBot,42,R2,1,0,0,0,0,0,0,0,1,1,3,0,0,0,0,0,0,1,0,1,2,0,0,0,0,3,3,0
The Dynamos,42,L1,1,0,0,0,0,0,0,0,0,0,0,1,0,0,0,0,0,0,0,3,4,0,0,0,0,1,1,0
Machine Mavericks,42,L2,1,0,0,0,0,0,0,0,0,1,0,0,0,0,0,0,0,0,0,3,2,0,0,0,0,1,2,0
BONDS,42,M,1,0,1,0,0,0,0,0,0,0,3,1,1,0,2,0,0,0,0,0,0,0,0,0,0,1,2,0
Miracle Workerz,42,R2,1,0,0,0,0,0,0,0,0,0,2,1,0,0,0,0,0,0,0,0,0,3,The Dynamos,1,0,3,3,0
MARS/WARS,42,L2,1,0,0,0,0,0,1,0,0,0,0,1,2,1,1,0,0,2,0,0,0,1,0,0,0,0,1,0
Formosan Sika,43,L2,1,0,0,0,0,0,0,0,0,0,0,2,0,0,2,0,0,0,1,0,0,0,0,0,0,2,2,0
Gompei and the H.E.R.D.,43,R2,1,0,1,0,0,0,0,0,0,0,0,3,0,1,0,0,0,0,0,0,0,0,0,0,0,2,2,0
Talon Robotics,43,L2,1,0,0,0,0,0,0,0,0,0,6,0,0,0,0,0,0,0,0,0,0,0,0,0,0,3,3,0
Disruptive Technologies,43,L2,1,0,0,0,0,0,0,0,0,0,0,0,0,0,0,0,0,0,1,3,2,0,0,0,0,1,1,0
Herobotics,43,M,1,0,0,0,0,0,0,0,0,0,0,2,0,0,0,0,0,0,0,2,3,0,0,0,0,1,1,0
Buzz Robotics,44,R2,1,0,0,0,0,0,0,0,1,0,5,0,0,0,2,1,1,0,0,0,0,0,0,0,0,2,2,0
TechFire,44,L2,1,0,0,0,0,1,1,0,0,0,0,1,2,2,2,1,2,0,0,0,0,2,Lindblom Electric Eagles,0,0,3,3,0
Droid Rage,44,L1,1,0,0,0,0,0,0,0,0,0,5,0,0,0,0,1,0,0,0,0,0,0,0,0,0,1,1,0
Lindblom Electric Eagles,44,M1,1,0,0,0,0,0,0,0,0,1,0,0,0,0,0,0,0,0,0,3,2,0,0,0,0,3,3,0
Digital Fusion,44,L2,1,0,0,0,0,0,0,0,0,0,0,0,0,0,0,0,0,0,0,2,2,0,0,0,3,0,0,0
NUTRONs,45,L1,1,0,0,0,0,1,0,0,0,0,1,0,1,2,0,1,0,2,0,0,0,0,0,0,0,3,3,0
POBots,45,L2,0,0,0,0,0,0,0,0,0,0,0,0,0,0,0,0,0,1,0,3,2,0,0,0,0,1,2,0
Team 0xBE4,45,L2,1,0,0,0,0,0,0,0,0,0,7,0,0,0,1,0,0,0,0,0,0,1,POBots,1,0,2,2,0
Kil-A-Bytes,45,M,1,0,1,0,0,0,0,0,0,1,0,2,1,0,0,0,0,0,0,0,0,1,0,0,0,1,1,0
MPArors,45,L2,1,1,0,0,0,0,0,0,0,2,0,2,0,0,0,0,0,0,0,0,0,0,0,0,0,3,3,0
8-bit RAMs,45,R2,1,0,0,1,0,0,0,0,0,0,0,0,0,0,0,0,0,0,0,3,3,0,0,0,0,2,2,0
Bobcats,46,L2,1,0,0,0,0,0,0,0,1,0,0,0,0,0,0,0,0,0,0,2,3,0,0,0,0,1,2,0
EC.exe,46,L2,1,0,0,0,0,0,0,0,0,0,0,0,0,0,0,0,0,0,0,0,0,0,0,0,0,1,1,0
Cybersonics,46,M,1,0,0,0,0,1,0,0,0,0,0,0,0,0,1,0,0,2,0,0,0,2,SWAT,0,0,2,3,0
Raid Zero,46,L1,1,0,0,1,0,0,0,0,0,1,4,0,0,0,0,0,0,0,0,0,0,0,0,0,0,3,3,0
Makers Assemble,46,R2,1,0,0,0,0,1,0,0,0,0,3,1,0,0,1,0,0,0,1,0,0,1,SWAT,0,0,2,2,0
SCH Vulcan Robotics,47,L2,1,0,0,0,0,0,0,0,0,1,3,0,0,0,1,0,0,0,0,3,4,0,0,1,0,2,2,0
Pascack Pioneers,47,R2,1,0,0,0,0,3,0,0,0,0,0,0,0,1,1,1,3,2,0,0,0,0,0,0,0,2,2,0
MARS/WARS,47,M,1,0,0,0,0,1,0,0,0,0,2,0,0,1,0,0,0,0,3,0,0,3,830,0,0,2,2,0
The RoboBees,47,M,1,0,0,1,0,0,0,0,0,0,0,1,0,0,0,0,0,0,0,0,0,0,0,0,0,0,0,0
S.P.E.E.D,47,L1,1,0,1,0,0,0,0,0,0,0,0,2,2,2,1,1,1,1,0,0,0,0,0,0,0,1,1,0
Formosan Sika,48,M,1,0,0,0,0,0,0,0,0,0,0,0,0,0,0,0,0,0,0,1,1,0,0,0,0,1,1,0
The Dynamos,48,R2,1,0,0,0,0,0,0,0,0,0,1,0,0,0,0,0,0,0,0,3,4,0,0,1,0,1,1,0
The MidKnight Inventors,48,L1,1,0,0,0,1,0,0,0,0,2,0,2,2,0,0,1,0,1,0,0,0,0,0,0,0,1,1,0
Goon Squad,48,L1,1,0,0,0,0,0,0,0,0,0,6,0,0,0,3,0,0,0,0,0,0,0,0,0,0,3,3,0
Talon Robotics,48,L2,1,0,0,0,0,0,0,0,0,0,3,2,0,0,1,0,0,0,0,0,0,0,0,0,0,3,3,0
BONDS,49,M,1,0,0,0,0,0,0,0,1,2,3,2,0,0,2,0,0,1,1,0,0,2,The Dynamos,0,0,1,1,0
Digital Fusion,49,R2,1,0,0,0,0,0,0,0,0,0,0,0,0,0,0,0,0,1,0,3,2,0,0,0,0,2,2,0
Mecanum Knights,49,L2,1,1,0,0,0,0,0,0,0,1,2,2,0,0,2,0,0,1,1,0,0,1,The Bad News Gears,1,0,3,3,0
Bomb Squad,49,R1,1,0,0,0,0,2,2,0,0,0,2,0,0,2,0,2,0,1,1,0,0,2,1017,0,0,1,2,0
The Bad News Gears,49,R2,1,1,0,0,0,0,0,0,0,0,0,0,0,0,0,0,0,1,0,2,2,2,Digital Fusion,0,0,1,2,0
Solista,49,L2,1,0,1,0,0,0,0,0,0,1,3,2,0,0,2,0,0,1,0,0,0,0,0,0,0,3,3,0
Round Table Robotics,50,M,1,0,1,0,0,0,0,0,0,0,0,0,2,0,0,0,0,0,1,0,0,0,0,0,0,3,3,0
Aluminati,50,L2,1,0,1,0,0,0,0,0,0,0,3,2,0,0,2,0,0,0,1,0,0,0,0,0,0,1,1,0
Bomb Squad,50,R1,1,0,0,0,0,0,2,0,0,0,1,1,2,0,0,0,0,1,0,0,0,1,ThunderColts,0,0,3,3,0
Team 0xBE4,50,R2,1,0,0,0,0,0,0,0,0,0,3,0,0,0,2,2,1,0,0,0,0,0,0,0,0,1,1,0
ThunderColts,50,R2,1,0,0,0,0,0,0,0,0,0,0,1,0,0,0,0,0,0,0,3,3,0,0,0,0,1,2,0
NC GEARS,50,L2,1,0,0,0,0,1,0,0,0,2,1,2,1,2,1,1,1,0,1,0,0,0,0,0,0,0,0,0
Bethlehem Eagles,51,R2,1,0,0,0,0,0,0,0,0,2,1,1,1,2,1,1,1,1,1,3,1,0,0,0,0,1,1,0
X-CATS,51,R2,0,0,0,0,0,0,0,0,0,0,0,0,0,0,1,0,0,0,0,2,3,0,0,0,0,1,2,0
ThunderChickens,51,M,1,0,0,0,0,2,0,0,0,0,0,1,1,1,1,0,1,0,1,0,0,1,X-CATS,0,0,1,1,0
The Blair Robot Project,51,M,1,0,1,0,0,0,0,0,0,1,1,4,0,0,2,0,0,0,0,0,0,0,0,0,0,3,3,0
Petoskey Paladins,51,L2,1,0,0,1,0,0,0,0,0,0,4,0,0,0,0,0,0,0,0,0,0,0,0,0,1,0,0,0
Sabre Bytes Robotics,51,M,1,0,0,0,0,0,0,0,0,0,3,0,0,0,0,0,0,2,0,0,0,1,X-CATS,0,0,3,3,0
Herobotics,52,R2,1,0,0,0,0,0,1,0,0,1,0,0,0,0,0,0,0,0,0,0,3,0,0,0,0,1,1,0
Charger Robotics,52,R2,1,0,0,1,0,0,0,0,0,0,4,0,0,0,0,0,0,2,0,0,0,2,Herobotics,0,0,3,3,0
Buzz Robotics,52,L2,1,0,0,0,0,0,0,0,0,0,3,0,0,0,1,0,0,2,0,0,0,1,POBots,0,0,1,0,0
Code Red Robotics the Stray Dogs,52,M,1,0,0,0,0,0,1,0,0,3,0,1,0,0,2,0,0,0,0,0,0,2,POBots,0,0,1,1,0
MPArors,52,L2,1,0,0,0,0,0,0,0,0,0,3,1,0,0,0,0,0,0,0,0,0,0,0,0,0,2,2,0
Riverside RoboTigers,52,M,1,0,0,1,0,0,0,0,0,0,0,0,0,0,0,0,0,0,0,3,2,0,0,0,0,2,2,0
PVC Pirates,53,L1,1,0,0,0,0,1,0,0,0,0,0,1,0,2,0,0,0,0,1,0,0,3,8-bit RAMs,0,0,2,2,0
Lindblom Electric Eagles,53,M,1,0,1,0,0,0,0,0,0,1,2,0,0,0,0,0,0,0,0,0,0,0,0,0,0,3,3,0
Mineola Wild Reds,53,L2,1,0,0,1,0,0,0,0,0,0,2,0,0,0,0,0,0,1,0,0,0,2,Bobcats,0,0,2,2,0
8-bit RAMs,53,R2,1,0,0,1,0,0,0,0,0,0,0,0,0,0,0,0,0,0,0,3,3,0,0,0,0,2,2,0
Machine Mavericks,53,R1,1,0,0,0,0,0,0,0,1,0,4,0,0,0,1,0,0,0,0,0,0,1,8-bit RAMs,0,0,1,1,0
TJ,54,M,1,0,1,0,0,0,0,0,0,0,1,4,0,0,2,0,0,1,0,0,0,1,0,0,0,1,1,0
TechFire,54,L2,1,0,0,0,0,1,0,0,0,0,2,1,0,1,2,0,0,0,0,0,0,3,Raid Zero,0,0,2,2,0
TechHOUNDS,54,L2,1,0,0,0,0,0,0,0,0,1,1,2,0,0,0,0,0,2,0,0,0,2,NUTRONs,0,0,3,3,0
Techno-Ticks,54,M,1,0,1,0,0,0,0,0,0,0,2,0,0,0,0,0,0,0,0,2,2,1,Raid Zero,0,0,1,1,0
Raid Zero,54,R2,1,0,0,1,0,0,0,0,0,0,0,0,0,0,0,0,0,0,0,3,2,0,0,1,1,1,1,0
NUTRONs,54,R1,1,0,0,0,0,2,0,0,0,0,1,2,1,2,0,2,2,0,3,0,0,0,0,0,0,1,3,0
Droid Rage,55,M,1,0,0,0,0,0,0,0,0,0,3,0,0,0,1,0,0,2,0,0,0,1,POBots,0,0,1,0,0
Brighton TechnoDogs,55,L1,1,0,0,0,0,0,1,0,0,3,0,1,0,0,2,0,0,0,0,0,0,2,POBots,0,0,1,1,0
Fe Maidens,55,M,1,0,0,0,0,0,0,0,0,0,3,1,0,0,0,0,0,0,0,0,0,0,0,0,0,2,2,0
POBots,55,R2,1,0,0,1,0,0,0,0,0,0,0,0,0,0,0,0,0,0,0,3,2,0,0,0,0,2,2,0
Shaker Robotics,55,R2,1,0,0,0,0,2,0,0,0,0,0,2,1,2,2,2,2,1,0,0,0,0,0,0,0,3,3,0
Fe Maidens,55,L2,1,0,0,0,0,0,0,0,0,0,3,0,0,0,0,0,0,0,1,0,0,0,0,0,0,2,2,0
Code Red Robotics,56,R1,1,0,0,0,0,1,0,0,0,0,0,0,0,0,0,0,0,0,0,3,3,0,0,0,0,2,2,0
Frog Force,56,R1,1,0,0,0,0,0,0,0,1,0,0,0,0,0,0,0,0,0,0,3,2,0,0,0,0,3,3,0
Team FridgeBot,56,L2,1,0,0,0,0,0,0,0,0,0,5,1,0,0,0,1,0,1,0,0,0,0,0,0,0,2,2,0
Kil-A-Bytes,56,L2,1,1,0,0,0,0,0,0,0,0,0,3,3,0,0,0,0,0,0,0,0,0,0,0,0,1,1,0
Gompei and the H.E.R.D.,56,R2,1,0,0,0,0,0,0,0,0,0,1,1,2,2,1,0,0,0,1,0,0,0,0,0,0,3,3,0
Adambots,56,R2,1,0,0,0,0,0,0,0,0,3,5,0,0,0,1,0,0,0,0,0,0,0,0,0,0,1,1,0
Twisted Devils,57,M,1,0,1,0,0,0,0,0,0,0,3,0,0,0,0,0,0,1,0,0,0,0,0,0,0,1,1,0
S.P.E.E.D,57,M,1,0,1,0,0,0,0,0,0,0,0,2,2,0,2,1,0,0,3,0,0,0,0,0,1,0,0,0
Team Rembrandts,57,R2,1,0,0,0,0,0,0,0,0,1,0,0,0,0,0,0,0,0,0,3,2,0,0,0,0,0,3,0
Miracle Workerz,57,L2,1,0,0,0,0,1,0,0,0,2,4,0,0,0,0,0,0,1,0,0,0,0,0,0,0,3,3,0
NC GEARS,57,R2,1,0,0,0,0,1,0,0,0,0,1,1,1,2,1,1,0,1,0,0,0,3,Team Rembrandts,0,0,0,0,0
Buzz Robotics,58,L2,1,0,0,0,0,0,0,0,0,0,0,0,1,2,0,1,0,0,1,0,0,0,0,0,0,2,2,0
BONDS,58,M,1,0,1,0,0,0,0,0,0,0,4,2,0,0,1,0,0,2,0,0,0,0,0,0,0,0,0,0
Mineola Wild Reds,58,R2,1,0,0,1,0,0,0,0,0,0,2,0,0,0,0,0,0,0,0,3,2,0,0,0,0,2,2,0
Talon Robotics,58,R2,1,0,0,0,0,0,0,0,0,0,4,0,0,0,2,0,0,2,0,0,0,0,0,0,0,3,3,0
Cybersonics,58,M,1,0,0,0,0,0,0,0,0,0,3,2,0,1,1,0,0,0,0,0,0,0,0,0,0,2,2,0
Round Table Robotics,58,L2,1,0,0,0,0,0,0,0,0,0,0,0,0,0,0,0,0,0,1,0,0,0,0,0,3,0,0,0
The Dynamos,59,L2,1,0,0,1,0,0,0,0,0,0,0,0,0,0,0,0,0,0,0,3,2,0,0,0,0,1,1,0
SCH Vulcan Robotics,59,R2,1,0,0,0,0,0,0,0,0,1,2,2,0,0,0,0,0,2,0,0,0,0,0,0,0,3,3,0
Bomb Squad,59,M,1,0,0,0,0,1,0,0,0,0,3,0,1,0,1,1,0,0,0,0,0,3,The Dynamos,0,0,3,3,0
ThunderChickens,59,R1,1,0,0,0,0,0,0,0,0,0,0,2,0,0,2,0,0,2,2,0,0,3,Bobcats,0,0,2,2,0
Bobcats,59,L2,1,0,0,0,0,0,0,0,0,0,0,0,0,0,0,0,0,0,0,3,3,0,0,1,0,2,2,0
Techno-Ticks,59,R2,1,0,0,0,0,0,0,0,0,1,3,1,0,1,0,0,0,2,0,0,0,0,0,0,0,1,1,0
Aluminati,60,L2,1,0,1,0,0,0,0,0,0,0,0,0,0,0,0,0,0,0,0,3,3,0,0,0,0,2,2,0
Droid Rage,60,R1,1,0,0,0,0,0,0,0,0,0,5,0,0,0,0,0,0,1,0,0,0,2,X-CATS,0,0,1,1,0
Raid Zero,60,R1,1,0,0,1,0,0,0,0,0,0,4,0,0,0,0,0,0,1,0,0,0,3,Aluminati,0,0,1,1,0
PVC Pirates,60,M,1,0,0,0,0,1,0,0,0,2,0,2,0,0,0,0,0,1,3,0,0,0,0,0,0,3,3,0
Solista,60,L2,1,0,0,0,0,1,0,0,0,0,4,0,0,0,1,0,0,1,0,0,0,2,Aluminati,0,0,1,1,0
X-CATS,60,R2,1,0,1,0,0,0,0,0,0,0,0,0,0,0,0,0,0,0,0,3,3,0,0,0,0,2,2,0
Bomb Squad,61,L1,1,0,0,0,0,2,0,0,0,1,3,1,1,1,1,1,0,0,0,0,0,0,0,0,0,3,3,0
EngiNERDs,61,L2,1,0,0,0,0,1,0,0,0,1,3,1,0,0,2,0,0,0,1,0,0,0,0,0,0,3,3,0
NUTRONs,62,L1,1,0,0,0,0,1,0,0,0,0,0,1,2,2,1,2,1,0,0,0,0,0,0,0,0,1,3,0
Makers Assemble,62,R2,1,0,0,0,0,1,0,0,0,0,1,0,0,0,0,0,0,0,0,3,4,0,0,0,0,2,2,0
The MidKnight Inventors,62,R1,1,0,0,0,0,1,0,0,0,0,0,1,1,0,1,0,0,0,2,0,0,2,0,0,0,1,1,0
Brighton TechnoDogs,62,L1,1,0,0,0,0,1,0,0,0,1,2,1,2,1,2,2,0,0,1,0,0,2,Makers Assemble,0,0,1,1,0
MARS/WARS,62,M,1,0,0,0,0,0,0,0,0,0,3,1,0,0,0,2,2,0,0,0,0,0,0,0,0,3,3,0
Pascack Pioneers,63,L2,1,0,0,0,0,1,0,0,0,0,1,1,2,2,2,2,2,0,0,0,0,0,0,0,0,2,2,0
Team Rembrandts,63,M,0,0,0,0,0,0,0,0,0,1,0,0,0,0,0,0,0,0,0,3,1,0,0,0,0,3,3,0
Gompei and the H.E.R.D.,63,M,1,0,1,0,0,0,0,0,0,1,0,1,0,2,0,0,0,0,0,0,0,2,Team Rembrandts,0,2,0,0,0
The Wings of Fire,63,R2,1,0,0,0,0,0,0,0,0,1,5,0,0,0,0,0,0,1,0,0,0,1,Team Rembrandts,0,0,3,3,0
POBots,63,L2,1,0,0,1,0,0,0,0,0,0,0,0,0,0,0,0,0,0,0,3,2,0,0,1,0,2,2,0
Pascack Pioneers,63,R2,0,0,0,0,0,2,0,0,0,0,1,0,0,1,0,0,1,0,0,0,0,0,0,0,2,1,1,0
Petoskey Paladins,64,R2,1,0,0,1,0,0,0,0,0,0,1,0,0,0,0,0,0,0,0,2,1,0,0,0,0,1,2,0
Code Red Robotics,64,M,1,0,1,0,0,0,0,0,0,0,0,0,2,0,0,0,0,0,1,0,0,3,8-bit RAMs,0,0,2,2,0
8-bit RAMs,64,R2,1,0,0,1,0,0,0,0,0,0,0,0,0,0,0,0,0,0,0,3,3,0,0,0,0,1,2,0
Charger Robotics,64,L2,0,0,0,0,0,0,0,1,0,0,3,0,0,0,2,0,0,1,0,0,0,0,0,0,0,3,3,0
Formosan Sika,64,M,1,0,1,0,0,0,0,0,0,0,0,2,0,0,0,0,0,0,1,0,0,0,0,0,0,1,1,0
Digital Fusion,65,M,1,0,0,0,0,0,0,0,0,1,0,2,1,0,0,0,0,0,3,0,0,0,0,0,0,2,2,0
Frog Force,65,L1,1,1,0,0,0,0,0,0,0,0,0,2,2,2,0,2,2,1,0,0,0,0,0,0,0,0,0,0
Fe Maidens,65,L2,1,0,0,0,0,0,0,0,0,1,3,0,0,0,0,0,0,1,0,0,0,1,Machine Mavericks,0,0,1,1,0
TJ,65,R2,1,0,0,0,0,1,0,0,0,1,5,1,0,0,1,0,0,2,0,0,0,0,0,0,0,3,3,0
MPArors,65,R2,1,0,0,0,0,0,0,0,1,3,0,1,0,0,0,0,0,0,1,0,0,1,Machine Mavericks,0,0,3,3,0
Machine Mavericks,65,L2,1,0,0,0,0,0,0,0,0,1,0,0,0,0,0,0,0,0,0,3,3,0,0,0,0,2,2,0
The Bad News Gears,66,L2,1,0,0,0,0,0,0,1,0,0,0,0,0,0,0,0,0,0,0,3,2,0,0,0,0,2,2,0
Sabre Bytes Robotics,66,M,0,0,0,0,0,0,0,0,0,0,0,0,0,0,2,0,0,1,1,0,0,0,0,0,0,3,3,0
Miracle Workerz,66,R2,1,0,0,0,0,0,0,0,0,0,0,2,2,2,1,1,0,0,0,0,0,0,0,0,0,1,1,0
Team 0xBE4,66,R2,1,0,0,0,0,0,0,0,0,0,6,0,0,0,0,0,0,1,0,0,0,2,The Bad News Gears,0,0,1,2,0
The RoboBees,66,R2,1,0,1,0,0,0,0,0,0,3,0,1,0,0,2,0,0,0,0,0,0,2,The Bad News Gears,0,0,3,3,0
Code Red Robotics the Stray Dogs,66,L1,1,0,0,0,0,1,0,0,0,0,0,1,2,2,2,2,1,0,0,0,0,0,0,0,0,1,1,0
The Blair Robot Project,67,M,1,0,1,0,0,0,0,0,0,1,1,4,0,0,0,0,0,0,0,0,0,0,0,0,0,1,3,0
Goon Squad,67,R2,1,0,0,1,0,0,0,0,0,0,4,0,0,0,1,0,0,1,0,1,2,1,Herobotics,0,0,1,2,0
Herobotics,67,M,1,0,1,0,0,0,0,0,0,0,0,0,0,0,0,0,0,0,0,3,4,0,0,0,0,0,0,0
Shaker Robotics,67,L2,1,0,0,0,0,2,2,0,0,0,1,2,0,2,2,2,2,1,0,0,0,0,0,0,0,1,1,0
Lindblom Electric Eagles,67,R2,1,0,0,0,0,0,0,0,0,0,0,0,0,0,0,0,0,0,0,3,1,0,0,0,0,1,2,0
EC.exe,67,R2,1,0,0,0,0,0,0,0,0,0,0,0,0,0,0,0,0,0,1,0,0,3,Lindblom Electric Eagles,0,0,1,1,0
ThunderColts,68,R2,1,0,0,0,0,0,0,0,0,1,0,0,0,0,0,0,0,0,0,3,2,0,0,0,0,1,1,0
TechFire,68,R2,1,0,0,0,0,0,1,0,0,1,3,2,0,0,1,1,0,2,0,3,2,1,ThunderColts,0,0,3,3,0
Riverside RoboTigers,68,M,1,0,1,0,0,0,0,0,0,0,4,1,0,0,1,0,0,2,0,0,0,0,0,0,0,1,2,0
Kil-A-Bytes,68,L2,1,1,0,0,0,0,0,0,0,0,1,1,2,0,0,0,0,1,0,0,0,0,0,0,0,1,2,0
Adambots,68,R2,1,0,0,0,0,0,1,0,0,0,0,1,2,1,0,2,0,0,1,0,0,2,ThunderColts,0,0,3,3,0
Disruptive Technologies,68,M,1,0,0,0,0,0,0,0,0,1,1,0,0,0,0,0,0,0,0,3,1,0,0,0,0,1,1,0
Code Red Robotics,69,M,1,0,1,0,0,0,0,0,0,1,0,2,2,0,0,0,0,0,0,0,0,0,0,0,0,2,2,0
Round Table Robotics,69,M,1,0,0,0,0,0,0,0,1,1,0,2,2,0,0,0,0,0,0,0,0,0,0,0,0,1,2,0
SCH Vulcan Robotics,69,R2,1,0,0,0,0,0,0,0,0,0,2,0,0,0,2,0,0,1,1,0,0,0,0,0,0,3,3,0
Team FridgeBot,69,R2,0,0,0,0,0,0,0,0,1,0,4,0,0,0,1,0,0,1,2,0,0,0,0,0,0,2,3,0
Droid Rage,69,R1,1,0,0,1,0,0,0,0,0,0,3,0,0,0,1,0,0,2,1,0,0,0,0,0,0,1,1,0
Formosan Sika,69,R2,1,0,0,0,0,1,0,0,0,0,4,1,0,0,0,0,0,2,0,0,0,0,0,0,0,1,2,0
The MidKnight Inventors,70,R1,1,0,0,0,0,2,0,0,0,1,0,1,3,0,0,0,0,0,2,0,0,1,Bethlehem Eagles,0,0,3,0,0
Bethlehem Eagles,70,L2,1,0,0,0,0,0,0,0,0,0,1,0,0,0,0,0,0,1,3,1,0,0,0,0,0,1,1,0
Techno-Ticks,70,R2,1,1,0,0,0,0,0,0,0,1,2,0,0,0,0,0,0,0,0,0,0,3,8-bit RAMs,1,0,3,3,0
Solista,70,R2,0,0,0,0,0,1,0,0,0,0,2,1,1,0,2,0,0,1,0,0,0,0,0,0,0,3,3,0
8-bit RAMs,70,L2,1,0,0,1,0,0,0,0,0,0,0,0,0,0,0,0,0,0,0,3,2,0,0,0,0,2,2,0
Buzz Robotics,70,M,0,0,1,0,0,0,0,0,0,1,1,2,0,0,1,0,0,0,0,0,0,0,0,0,0,1,2,0
Brighton TechnoDogs,71,R1,1,0,0,0,0,1,0,0,0,0,4,1,2,1,2,2,0,0,0,0,0,0,0,0,0,3,3,0
Code Red Robotics the Stray Dogs,71,M,1,0,0,0,0,1,0,0,0,0,0,1,2,2,2,2,2,0,0,0,0,0,0,0,0,1,1,0
Raid Zero,71,L1,1,0,0,1,0,0,0,0,0,0,4,0,0,0,2,0,0,1,0,0,0,0,0,0,0,0,0,0
Gompei and the H.E.R.D.,71,L2,1,0,1,0,0,0,0,0,0,0,0,2,2,2,1,0,0,0,0,0,0,0,0,0,0,3,3,0
NC GEARS,71,R2,1,0,0,0,0,1,0,0,0,0,2,1,2,2,2,2,2,0,0,0,0,2,51,0,0,1,1,0
The Wings of Fire,71,L2,1,0,0,0,0,0,0,0,0,0,0,0,0,0,0,0,0,0,1,3,2,0,0,0,0,3,3,0
Miracle Workerz,72,L1,1,0,0,0,0,0,0,0,0,0,0,1,2,1,0,0,0,0,0,0,0,0,0,0,0,0,0,0
Fe Maidens,72,M,1,0,1,0,0,0,0,0,0,0,0,1,0,0,0,0,0,3,1,0,0,0,0,0,0,0,1,0
Makers Assemble,72,L2,1,0,0,0,0,0,1,0,0,0,3,2,0,0,2,0,0,0,3,0,0,0,0,0,0,2,2,0
Team 0xBE4,72,R2,1,0,0,1,0,0,0,0,0,0,3,0,0,0,1,2,0,0,0,0,0,0,0,0,0,2,2,0
Petoskey Paladins,72,R2,1,0,0,0,0,0,0,1,0,0,3,0,0,0,0,0,0,3,0,0,0,0,0,0,0,0,1,0
Mineola Wild Reds,72,L2,1,0,0,1,0,0,0,0,0,0,2,0,0,0,0,0,0,0,0,0,0,0,0,0,0,2,2,0
EngiNERDs,73,R2,1,0,0,0,0,1,0,0,0,0,0,1,2,0,0,1,0,2,0,0,0,0,0,0,0,3,3,0
Cybersonics,73,L1,0,0,0,0,0,1,0,0,0,0,3,1,2,0,2,2,0,1,1,0,0,2,Machine Mavericks,0,0,1,2,0
ThunderChickens,73,R1,1,0,0,0,0,2,0,0,0,0,0,2,1,2,2,2,2,0,0,0,0,0,0,0,0,3,3,0
Riverside RoboTigers,73,L2,1,0,0,0,0,0,0,0,0,0,0,0,0,0,0,0,0,0,0,0,0,0,0,0,3,0,0,0
Machine Mavericks,73,M,0,0,0,0,0,0,0,0,0,0,3,0,0,0,0,0,0,0,0,2,3,0,0,0,0,1,1,0
Twisted Devils,73,M,1,0,1,0,0,0,0,0,0,0,3,0,0,2,1,0,0,0,0,0,0,0,0,0,0,1,2,0
Pascack Pioneers,74,R2,1,0,0,0,0,0,3,0,0,0,0,2,2,1,2,2,2,1,0,0,0,0,0,0,0,2,2,0
EC.exe,74,M,0,0,0,0,0,0,0,0,0,0,0,0,0,0,0,0,0,0,1,3,3,0,0,0,0,1,1,0
Digital Fusion,74,R1,1,0,0,1,0,0,0,0,0,0,1,1,0,0,0,0,0,0,2,0,0,2,EC.exe,0,0,1,2,0
Disruptive Technologies,74,R2,1,0,0,0,0,0,0,0,1,0,0,0,0,0,0,0,0,1,1,2,2,0,0,0,0,0,0,0
Aluminati,74,L2,1,0,1,0,0,0,0,0,0,1,3,2,0,0,2,0,0,1,0,0,0,0,0,0,0,2,2,0
Adambots,74,L2,1,0,0,0,0,0,0,0,0,2,6,0,1,0,0,0,0,0,0,0,0,2,EC.exe,0,0,3,3,0
SWAT,75,R2,1,0,1,0,0,0,0,0,0,0,0,0,0,0,0,0,0,0,0,3,3,0,0,0,0,1,2,0
S.P.E.E.D,75,L1,0,0,0,0,0,1,0,0,0,1,3,0,1,0,0,0,0,1,1,0,0,3,SWAT,0,0,2,2,0
Kil-A-Bytes,75,L2,1,0,1,0,0,0,0,0,0,0,1,0,2,2,0,0,0,0,1,0,0,2,SWAT,0,0,1,1,0
The Bad News Gears,75,L2,1,0,0,0,0,0,0,1,0,0,3,0,0,0,0,0,0,1,0,0,0,0,0,0,2,2,2,0
Herobotics,75,M,0,0,1,0,0,0,0,0,0,2,1,1,0,0,0,0,0,0,2,0,0,0,0,1,0,1,1,0
TJ,75,R2,1,0,0,0,0,1,0,0,0,0,3,1,0,0,2,2,2,1,0,0,0,0,0,0,0,3,3,0
Bomb Squad,76,R2,1,0,1,0,0,0,0,0,0,0,2,2,2,2,0,2,0,1,0,0,0,0,0,0,0,1,1,0
MARS/WARS,76,L2,1,0,1,0,0,0,0,0,0,0,0,0,0,0,0,0,0,0,0,3,1,0,0,0,0,0,1,0
TechFire,76,L2,1,0,0,0,0,0,0,0,1,0,4,2,2,2,0,0,2,2,0,0,0,2,MARS/WARS,0,0,0,1,0
Charger Robotics,76,R2,1,0,0,1,0,0,0,0,0,0,4,0,0,0,2,0,0,0,0,0,0,1,PVC Pirates,0,0,1,1,0
PVC Pirates,76,M,1,0,1,0,0,0,0,0,0,0,0,0,0,0,0,0,0,0,0,3,1,0,0,0,0,3,3,0
Bomb Squad,76,L1,0,0,0,0,0,0,0,0,0,0,0,4,0,1,0,2,0,1,2,0,0,0,0,0,0,3,3,0
MPArors,77,R2,1,0,0,0,0,0,0,0,0,0,0,0,0,0,0,0,0,0,0,0,0,0,0,0,3,0,0,0
Bobcats,77,M,1,0,0,0,0,0,0,0,0,0,3,1,0,0,0,0,0,0,2,0,0,0,0,0,0,2,2,0
Talon Robotics,77,L2,1,0,0,0,0,0,0,0,0,1,4,2,0,0,1,0,0,1,0,0,0,1,POBots,0,0,3,3,0
Mecanum Knights,77,R2,1,0,1,0,0,0,0,0,0,3,3,2,0,0,0,0,0,0,0,0,0,0,0,0,0,3,3,0
POBots,77,L2,1,0,0,0,0,0,0,0,0,1,1,0,0,0,0,0,0,1,1,2,2,0,0,1,0,1,2,0
The Blair Robot Project,77,M,1,0,1,0,0,0,0,0,0,1,0,1,0,0,0,0,0,0,0,0,0,0,0,0,0,2,2,0
The RoboBees,78,M,1,1,0,0,0,0,0,0,0,0,0,2,0,0,1,0,0,1,0,0,0,3,ThunderColts,0,0,3,3,0
Java Knights,78,R1,1,0,0,0,0,0,0,0,0,0,1,0,0,0,0,0,0,1,0,3,1,0,0,0,0,2,2,0
ThunderColts,78,R2,1,0,0,0,0,0,0,0,0,1,0,0,0,0,0,0,0,0,0,3,2,0,0,0,0,2,2,0
BONDS,78,M,1,0,0,0,0,0,0,0,1,0,4,2,0,0,1,0,0,1,1,0,0,0,0,0,0,0,1,0
NUTRONs,78,L2,1,0,0,0,0,2,0,0,0,0,0,0,1,2,0,0,0,0,0,0,0,0,0,0,3,0,0,0
Lindblom Electric Eagles,78,R2,1,0,0,0,0,0,0,0,0,1,3,0,0,0,0,0,0,2,0,0,0,0,0,0,0,2,2,0
Sabre Bytes Robotics,79,M,1,0,0,0,0,0,0,0,0,1,3,0,0,0,0,0,0,0,0,0,0,2,0,0,0,3,3,0
X-CATS,79,R2,1,0,0,0,0,0,0,0,1,0,3,2,0,0,1,0,0,1,0,0,0,0,0,0,0,2,2,0
Team Rembrandts,79,L2,1,0,0,0,0,0,0,0,0,0,0,2,1,0,0,0,0,0,0,2,3,0,0,0,0,3,3,0
Shaker Robotics,79,M,1,0,1,0,0,0,0,0,0,1,2,0,1,0,0,0,0,0,0,0,0,3,The Dynamos,0,0,1,2,0
Frog Force,79,L1,1,1,0,0,0,0,0,0,0,0,0,0,0,2,1,1,2,0,0,0,0,0,0,0,0,1,1,0
The Dynamos,79,L2,1,0,0,0,0,0,0,0,0,0,1,0,0,0,0,0,0,0,0,3,3,0,0,0,0,1,1,0
TechHOUNDS,80,L2,1,0,0,0,0,1,0,0,0,0,1,0,2,0,2,0,0,1,2,0,0,1,Riverside RoboTigers,0,0,1,1,0
Code Red Robotics,80,M,1,0,1,0,0,0,0,0,0,0,0,1,0,0,0,0,0,0,0,3,4,0,0,0,0,3,3,0
Fe Maidens,80,R2,1,0,0,0,0,0,0,0,0,1,2,2,0,0,0,0,0,0,0,0,0,0,0,0,0,0,0,0
Riverside RoboTigers,80,R2,0,0,0,0,0,0,0,0,0,0,0,1,0,0,0,0,0,0,1,2,2,0,0,0,0,2,2,0
Goon Squad,80,R2,1,0,0,1,0,0,0,0,0,0,6,0,0,0,3,0,0,0,0,0,0,2,Code Red Robotics,0,0,1,1,0
Buzz Robotics,80,M,1,0,0,0,0,0,0,0,1,0,0,2,1,0,0,0,0,0,1,0,0,2,Code Red Robotics,0,0,2,2,0
Gompei and the H.E.R.D.,81,R2,1,0,1,0,0,0,0,0,0,0,4,0,0,0,0,0,0,0,0,0,0,3,EC.exe,0,0,1,3,0
EC.exe,81,M,1,0,0,0,0,0,0,0,1,0,0,0,0,0,0,0,0,0,0,3,1,0,0,0,0,2,2,0
Bomb Squad,81,R1,1,0,0,0,0,2,0,0,0,0,1,3,1,0,1,0,0,0,0,0,0,0,0,0,0,3,3,0
Formosan Sika,81,L2,1,0,0,0,0,0,0,0,0,0,0,1,0,0,0,0,0,0,0,3,2,0,0,0,0,2,2,0
TJ,81,L2,1,0,0,0,0,1,0,0,0,1,2,1,0,0,2,0,0,1,1,0,0,0,0,0,0,3,3,0
Mineola Wild Reds,81,R2,1,0,0,1,0,0,0,0,0,0,4,0,0,0,0,0,0,0,0,0,0,2,Formosan Sika,0,0,2,2,0
ThunderChickens,82,L2,1,0,0,0,0,2,0,0,0,0,1,2,1,2,1,0,1,0,0,0,0,1,8-bit RAMs,0,0,2,2,0
Team FridgeBot,82,R2,1,0,0,0,0,0,0,0,0,1,3,0,0,0,0,0,1,0,0,1,1,0,0,0,0,2,2,0
8-bit RAMs,82,R2,1,0,0,0,0,0,0,0,0,0,0,0,0,0,0,0,0,0,0,3,2,0,0,0,0,2,2,0
S.P.E.E.D,82,M,1,0,1,0,0,0,0,0,0,0,0,2,0,0,3,1,1,1,0,0,0,2,6481,0,0,2,2,0
Brighton TechnoDogs,82,M,1,0,1,0,0,0,0,0,0,0,2,2,2,1,2,2,0,0,1,0,0,0,0,0,0,0,2,0
TechFire,82,L2,1,0,0,0,0,1,0,0,0,0,4,1,0,2,2,0,2,0,0,0,0,1,0,0,0,3,3,0
Disruptive Technologies,83,M,1,0,0,0,0,0,0,0,0,0,0,0,0,0,0,0,0,0,0,3,1,0,0,0,0,1,1,0
The RoboBees,83,R2,1,0,1,0,0,0,0,0,0,1,0,0,0,0,0,0,0,0,0,3,3,0,0,0,0,2,2,0
The Wings of Fire,83,M,1,0,0,0,0,0,0,0,0,1,6,0,0,0,1,0,0,0,0,0,0,2,Disruptive Technologies,0,0,3,3,0
Petoskey Paladins,83,R2,1,0,0,0,0,0,0,0,0,0,1,0,0,0,0,0,0,3,0,2,1,0,0,0,0,2,2,0
Kil-A-Bytes,83,L2,1,0,0,0,0,0,0,0,0,1,0,2,0,0,0,0,0,0,0,0,0,1,Disruptive Technologies,0,0,1,1,0
Bomb Squad,83,L2,1,0,0,0,0,2,0,0,0,0,4,1,1,1,0,2,0,0,0,0,0,0,0,0,0,3,3,0
The Dynamos,84,L2,1,0,0,1,0,0,0,0,0,0,0,0,0,0,0,0,0,0,0,3,3,0,0,0,0,0,2,0
Sabre Bytes Robotics,84,M,1,0,1,0,0,0,0,0,0,0,2,2,0,0,1,0,0,1,0,0,0,0,0,0,0,1,3,0
Round Table Robotics,84,M,1,0,1,0,0,0,0,0,0,0,0,1,0,0,0,0,0,0,0,0,0,0,0,0,0,3,3,0
Twisted Devils,84,R1,1,1,1,0,0,0,0,0,0,0,4,0,0,0,1,0,0,4,0,0,0,0,0,0,0,0,0,0
MPArors,84,R2,1,1,0,0,0,0,0,0,0,1,0,0,0,0,0,0,0,0,1,0,0,3,The Dynamos,0,0,1,1,0
Java Knights,84,L2,1,0,0,0,0,0,0,0,0,0,0,0,0,0,0,0,0,0,1,0,0,0,0,0,0,1,1,0
Code Red Robotics the Stray Dogs,85,L1,1,0,0,0,0,1,0,0,0,0,0,1,2,1,2,2,2,0,0,0,0,0,0,0,0,0,0,0
Digital Fusion,85,R2,1,0,0,1,0,0,0,0,0,0,2,0,0,0,0,0,0,0,0,0,0,0,0,0,0,2,2,0
Code Red Robotics the Stray Dogs,85,M,1,0,0,0,0,1,0,0,0,0,0,2,2,2,2,2,2,0,0,0,0,0,0,0,0,0,0,0
NUTRONs,85,R1,1,0,0,0,0,1,0,0,1,0,0,1,2,2,2,2,2,2,0,0,0,0,0,0,0,0,0,0
Cybersonics,85,M,1,0,0,0,0,1,0,0,0,0,0,0,1,0,2,1,0,2,1,0,0,2,SCH Vulcan Robotics,0,0,1,1,0
PVC Pirates,85,R2,1,0,0,0,0,1,0,0,0,0,0,0,2,2,0,0,0,0,0,0,0,1,SCH Vulcan Robotics,0,0,3,3,0
Mecanum Knights,86,R2,1,0,0,0,0,1,0,0,0,1,3,1,0,0,0,0,0,1,0,0,0,0,0,0,0,3,3,0
SWAT,86,M,1,0,1,0,0,0,0,0,0,0,0,0,0,0,0,0,0,0,0,3,4,0,0,0,0,1,1,0
Aluminati,86,R2,1,0,0,0,0,0,0,0,0,2,2,0,0,0,0,0,0,0,2,0,0,0,0,0,0,2,2,0
MARS/WARS,86,L2,1,0,0,0,0,1,0,0,0,0,4,0,2,0,0,1,0,0,0,0,0,0,0,0,0,3,3,0
Lindblom Electric Eagles,86,L2,1,0,0,0,0,0,0,0,1,0,0,0,0,0,0,0,0,0,0,3,2,0,0,0,0,2,2,0
Shaker Robotics,86,M,1,0,0,0,0,0,0,0,1,0,1,0,4,1,0,2,0,0,0,0,0,2,SWAT,0,0,2,2,0
Talon Robotics,87,L2,1,0,0,0,0,0,0,0,0,2,3,0,0,0,0,0,0,0,0,0,0,0,0,0,0,3,3,0
Droid Rage,87,M,1,0,0,1,0,0,0,0,0,0,0,0,0,0,0,0,0,0,0,3,1,0,0,0,0,1,1,0
Techno-Ticks,87,R2,0,1,0,0,0,0,0,0,0,0,1,2,0,1,0,0,2,1,0,0,0,0,0,0,0,2,2,0
Frog Force,87,L2,1,0,0,0,0,0,0,0,0,0,0,0,1,2,0,1,1,0,1,0,0,1,Droid Rage,0,0,1,1,0
EngiNERDs,87,R2,1,0,0,0,0,0,0,0,0,1,2,0,1,0,1,0,0,1,0,0,0,0,0,0,0,1,3,0
Makers Assemble,87,L2,1,0,0,0,0,1,0,0,0,0,2,2,0,0,3,0,0,0,0,0,0,0,0,0,0,2,2,0
Goon Squad,88,R2,1,0,0,1,0,0,0,0,0,0,4,0,0,0,2,0,0,1,0,0,0,0,0,0,0,1,3,0
Bethlehem Eagles,88,R2,1,0,0,0,0,0,0,0,0,0,4,0,0,0,2,0,0,0,0,0,0,0,0,0,0,1,1,0
Team Rembrandts,88,M,1,0,1,0,0,0,0,0,0,1,0,3,2,2,0,0,0,0,1,0,0,0,0,0,0,3,3,0
ThunderColts,88,M,1,0,1,0,0,0,0,0,0,0,0,3,0,0,0,0,0,0,1,0,0,0,0,0,0,2,2,0
The Bad News Gears,88,L2,0,0,0,0,0,0,0,0,0,0,0,0,0,0,0,0,0,0,0,2,2,1,POBots,0,0,1,2,0
Herobotics,89,R2,1,1,0,0,0,0,0,0,0,0,0,0,0,0,0,0,0,0,0,3,3,0,0,0,0,1,1,0
Raid Zero,89,L1,1,0,0,1,0,0,0,0,0,0,0,2,2,1,0,0,0,1,0,0,0,0,0,0,0,1,1,0
Team 0xBE4,89,L2,1,0,0,1,0,0,0,0,0,0,3,0,0,0,2,0,0,0,0,0,0,1,Herobotics,0,0,2,2,0
BONDS,89,M,1,0,1,0,0,0,0,0,0,2,4,2,0,0,0,0,0,1,0,0,0,0,0,0,0,0,0,0
Pascack Pioneers,89,R2,1,0,0,0,0,1,0,0,0,2,4,0,0,1,0,0,0,0,1,0,0,0,0,0,0,2,2,0
Solista,89,L2,1,0,1,0,0,0,0,0,0,0,0,2,2,1,2,2,0,0,0,0,0,0,0,0,0,3,3,0
NC GEARS,90,R2,0,0,0,0,0,1,0,0,0,0,3,1,2,1,2,0,0,2,0,0,0,0,0,0,0,1,1,0
Adambots,90,M,0,0,1,0,0,0,0,0,0,0,6,0,0,0,1,0,0,0,0,0,0,1,The Blair Robot Project,0,0,1,2,0
Charger Robotics,90,L2,1,0,0,0,0,0,0,1,0,0,3,0,0,0,0,0,0,0,0,0,0,0,0,0,0,1,3,0
NC GEARS,90,L2,1,0,0,0,0,1,0,0,0,2,1,1,1,2,1,1,1,0,1,0,0,0,0,0,0,0,0,0
Miracle Workerz,90,L2,1,0,0,1,0,0,0,0,0,0,0,0,0,0,0,0,0,0,0,3,1,0,0,1,0,2,2,0
TechHOUNDS,90,L2,1,0,0,0,0,0,0,0,0,1,0,2,1,0,1,0,0,1,1,0,0,0,0,0,0,3,3,0
The Blair Robot Project,90,M,1,0,1,0,0,0,0,0,0,1,0,0,0,0,0,0,0,0,0,3,3,0,0,0,0,2,2,0
The MidKnight Inventors,91,R1,1,0,0,0,0,0,0,0,1,1,0,2,0,0,0,0,0,0,1,0,0,3,Bobcats,0,2,1,2,0
X-CATS,91,L2,1,0,0,0,0,0,0,0,0,0,2,2,0,0,2,0,0,1,0,0,0,0,0,0,0,2,2,0
Bobcats,91,M,1,0,1,0,0,0,0,0,0,0,0,0,0,0,0,0,0,0,0,3,1,0,0,0,0,3,3,0
Code Red Robotics the Stray Dogs,91,L1,1,0,0,0,0,0,1,0,0,0,3,0,0,0,0,0,0,0,0,0,0,0,0,0,0,3,3,0
Machine Mavericks,91,M,1,0,1,0,0,0,0,0,0,0,0,0,0,0,0,0,0,0,0,3,2,0,0,0,0,2,2,0
TechFire,91,R2,1,0,0,0,0,1,0,0,0,1,4,1,0,0,1,0,0,0,2,0,0,3,Machine Mavericks,0,0,1,1,0
SCH Vulcan Robotics,92,L2,1,0,0,0,0,0,0,0,1,1,0,2,0,0,0,0,0,1,0,2,2,0,0,0,0,2,2,0
Makers Assemble,92,R2,1,1,0,0,0,0,0,0,0,1,5,0,0,0,3,1,0,1,0,0,0,0,0,0,0,2,2,0
MPArors,92,R1,1,1,0,0,0,0,0,0,0,3,0,2,0,0,0,0,0,0,1,0,0,0,0,0,0,3,3,0
The Wings of Fire,92,L2,1,0,0,0,0,0,0,0,1,0,2,0,0,0,2,0,0,1,0,0,0,0,0,0,0,2,2,0
Bomb Squad,92,L1,0,0,0,0,0,2,0,0,0,0,0,2,1,2,1,2,2,0,0,0,0,0,0,0,0,1,3,0
MPArors,92,M,1,0,0,0,0,1,0,0,0,4,0,3,0,0,0,0,0,0,0,0,0,0,0,0,0,3,3,0
The Dynamos,93,L2,1,0,0,1,0,0,0,0,0,0,0,0,0,0,0,0,0,0,0,3,3,0,0,0,0,1,2,0
TJ,93,R2,1,0,0,0,0,0,1,0,0,0,3,1,0,0,2,1,0,1,0,0,0,2,7681,0,0,3,3,0
Bethlehem Eagles,93,R2,1,0,0,0,0,0,0,1,0,0,0,0,0,0,0,0,0,0,0,3,2,0,0,1,0,1,1,0
Brighton TechnoDogs,93,M,1,0,1,0,0,0,0,0,0,1,1,2,3,1,2,1,0,0,0,0,0,0,0,0,0,1,1,0
Cybersonics,93,L1,0,1,0,0,0,0,0,0,0,0,4,2,0,0,1,0,0,0,0,0,0,0,0,0,0,3,3,0
Digital Fusion,94,L2,1,0,0,0,0,0,0,0,0,0,0,0,0,0,0,0,0,0,0,3,1,0,0,0,0,1,1,0
POBots,94,L2,1,1,0,1,0,0,0,0,0,1,2,1,0,0,0,0,0,0,0,0,0,0,0,0,0,1,2,0
Team FridgeBot,94,M,1,0,1,0,0,0,0,0,0,1,3,1,0,0,0,0,0,1,0,0,0,0,0,0,0,1,2,0
S.P.E.E.D,94,M,0,0,1,0,0,0,0,0,0,0,0,2,2,0,1,1,0,2,0,0,0,0,0,0,0,3,3,0
Petoskey Paladins,94,R2,1,0,0,1,0,0,0,0,0,0,4,0,0,0,0,0,0,0,0,0,0,0,0,0,0,1,1,0
Raid Zero,94,R2,1,0,0,1,0,0,0,0,0,2,4,0,0,0,1,0,0,0,0,0,0,2,POBots,0,0,1,0,0
Shaker Robotics,95,R2,1,0,0,0,0,0,0,0,1,2,1,0,2,2,0,1,1,0,0,0,0,3,Riverside RoboTigers,0,0,2,2,0
Riverside RoboTigers,95,L2,1,0,0,0,0,0,0,0,0,1,0,0,0,0,0,0,0,0,0,3,2,0,0,0,0,2,2,0
Goon Squad,95,L2,1,0,0,1,0,0,0,0,0,1,3,0,0,0,2,2,2,0,0,0,0,0,0,0,0,1,2,0
Techno-Ticks,95,R2,1,1,0,0,0,0,0,0,0,0,2,2,2,0,2,1,0,0,0,0,0,0,0,0,0,3,3,0
PVC Pirates,95,M,1,0,0,0,0,1,0,0,0,0,0,1,2,2,0,1,0,0,0,0,0,0,0,0,0,3,3,0
BONDS,95,M,1,0,1,0,0,0,0,0,0,1,3,2,0,0,2,0,0,0,0,0,0,0,0,0,0,1,2,0
The Blair Robot Project,96,M,1,0,1,0,0,0,0,0,0,0,2,2,0,0,1,0,0,3,0,0,0,0,0,0,0,0,3,0
Droid Rage,96,R1,0,0,0,1,0,0,0,0,0,0,3,0,0,0,0,0,0,0,0,2,2,0,0,0,0,0,0,0
8-bit RAMs,96,L2,1,0,0,1,0,0,0,0,0,0,2,0,0,0,0,0,0,0,0,0,0,0,0,0,0,2,2,0
ThunderColts,96,R2,0,0,0,0,0,0,0,0,0,1,0,0,0,0,0,0,0,0,0,3,3,0,0,0,0,1,2,0
Gompei and the H.E.R.D.,96,R2,1,0,0,0,0,0,0,0,0,0,0,1,1,1,0,0,0,0,5,0,0,2,ThunderColts,0,0,3,3,0
MARS/WARS,96,L2,1,0,0,0,0,1,0,0,2,0,2,0,0,0,2,0,0,1,1,0,0,2,ThunderColts,0,0,1,2,0
X-CATS,97,L2,1,1,0,0,0,0,0,0,0,0,6,0,0,0,0,0,0,1,0,0,0,0,0,0,0,2,2,0
Team 0xBE4,97,R2,1,0,0,1,0,0,0,0,0,0,4,0,0,0,1,0,0,1,0,0,0,2,EC.exe,0,0,2,2,0
EC.exe,97,M,1,0,0,0,0,0,0,0,0,1,0,0,0,0,0,0,0,0,0,3,2,0,0,0,0,1,1,0
Talon Robotics,97,M,1,0,0,0,0,0,0,0,0,2,1,2,0,0,0,0,0,0,0,0,0,1,EC.exe,0,0,3,3,0
Java Knights,97,L2,1,0,0,0,0,0,0,0,0,0,0,0,0,0,0,0,0,0,0,3,1,0,0,0,0,1,1,0
Herobotics,98,L1,1,0,0,0,0,0,0,0,0,1,0,0,0,0,0,0,0,0,0,3,3,0,0,0,0,1,1,0
Mecanum Knights,98,R2,1,1,0,0,0,0,0,0,0,1,3,1,0,0,2,0,0,1,1,0,0,0,0,0,0,3,3,0
Adambots,98,R2,1,0,0,0,0,1,0,0,0,1,1,1,1,1,2,0,0,0,1,0,0,2,Herobotics,0,0,1,2,0
Twisted Devils,98,L2,0,0,1,0,0,0,0,0,0,1,3,2,0,0,2,0,0,0,0,0,0,0,0,0,0,1,1,0
EngiNERDs,98,L2,0,0,0,0,0,1,0,0,0,0,3,1,2,0,2,1,0,0,0,0,0,0,0,0,0,3,3,0
Fe Maidens,98,M,1,0,0,0,0,0,0,0,0,1,4,0,0,0,0,0,0,0,0,0,0,0,0,0,0,1,2,0
Solista,99,R2,1,0,0,0,0,1,0,0,0,0,3,1,0,0,1,0,0,2,0,0,0,0,0,0,0,3,3,0
Charger Robotics,99,R2,1,0,0,1,0,0,0,0,0,0,3,0,0,0,4,0,0,2,0,0,0,1,Lindblom Electric Eagles,0,0,1,1,0
Lindblom Electric Eagles,99,M,1,0,1,0,0,0,0,0,0,0,0,0,0,0,0,0,0,0,0,3,3,0,0,1,0,2,2,0
Round Table Robotics,99,L1,1,0,0,0,0,1,0,0,0,0,0,1,2,0,0,0,0,0,0,0,0,2,Lindblom Electric Eagles,0,0,2,2,0
Bobcats,99,L2,1,0,0,0,0,0,0,0,0,0,3,1,0,0,0,0,0,3,0,0,0,0,0,0,0,2,2,0
Team Rembrandts,99,M,1,0,1,0,0,1,0,0,0,0,1,2,2,0,0,0,0,0,0,1,4,0,0,0,0,0,0,0
ThunderChickens,100,L1,1,0,0,0,0,0,0,0,1,0,2,2,2,0,1,1,0,0,0,0,0,1,Frog Force,0,0,2,2,0
Miracle Workerz,100,R1,1,0,0,1,0,0,0,0,0,0,4,0,0,0,1,1,0,0,0,0,0,0,0,0,0,1,3,0
Pascack Pioneers,100,L1,1,0,1,0,0,0,0,0,0,0,0,0,0,0,0,0,0,0,1,0,0,3,Formosan Sika,0,0,2,2,0
NUTRONs,100,R1,1,0,0,0,0,2,0,0,0,0,2,2,1,2,1,2,2,1,0,0,0,0,0,0,0,1,1,0
Formosan Sika,100,R2,1,0,0,0,0,0,0,0,0,1,0,1,0,0,0,0,0,0,0,3,3,0,0,0,0,1,1,0
Pascack Pioneers,100,M,1,0,1,0,0,0,0,0,0,0,0,0,0,0,0,0,0,0,0,0,0,3,Formosan Sika,0,0,2,2,0
TechHOUNDS,101,R2,1,0,0,0,0,1,0,0,0,0,1,1,2,2,1,0,0,1,0,0,0,2,The Bad News Gears,0,0,0,0,0
Aluminati,101,M,1,0,1,0,0,0,0,0,0,0,4,2,0,0,1,0,0,0,0,0,0,3,Mineola Wild Reds,0,0,2,2,0
The MidKnight Inventors,101,M,1,0,0,0,0,1,0,0,0,0,3,0,0,0,3,1,0,0,0,0,0,0,0,0,0,1,1,0
The Bad News Gears,101,R2,1,0,0,0,0,0,0,0,0,0,0,0,0,0,0,0,0,0,0,3,2,0,0,0,0,1,1,0
Mineola Wild Reds,101,L2,1,0,0,1,0,0,0,0,0,0,0,0,0,0,0,0,0,0,0,3,1,0,0,0,0,2,2,0
Kil-A-Bytes,101,L2,1,0,0,0,0,0,0,0,1,2,0,3,2,0,0,0,0,0,1,0,0,0,0,0,0,1,1,0
SWAT,102,L2,1,0,0,0,0,0,0,0,0,0,0,0,0,0,0,0,0,0,1,3,2,0,0,0,0,1,1,0
Sabre Bytes Robotics,102,L1,1,0,0,0,0,0,0,0,0,0,3,0,0,0,0,0,0,1,0,0,0,0,0,0,0,3,3,0
NC GEARS,102,R2,1,0,0,0,0,0,0,0,0,1,0,0,2,2,2,2,0,0,0,0,0,0,0,0,0,1,1,0
Machine Mavericks,102,M,1,0,1,0,0,0,0,0,0,0,0,0,0,0,0,0,0,0,0,0,0,0,0,0,0,0,2,0
Code Red Robotics,102,L1,1,0,0,0,0,0,0,0,1,0,0,3,2,1,0,0,0,0,1,0,0,0,0,0,0,3,3,0
Bomb Squad,103,R2,1,0,1,0,0,1,0,0,0,0,3,0,2,1,1,1,0,2,0,0,0,3,Machine Mavericks,0,0,1,1,0
MARS/WARS,103,L2,1,0,0,0,0,0,0,0,0,1,6,0,0,0,1,0,0,1,0,0,0,0,0,0,0,1,2,0
The Dynamos,103,R2,1,0,0,1,0,0,0,0,0,0,0,0,0,0,0,0,0,0,0,3,3,0,0,0,0,1,1,0
Raid Zero,103,L2,1,0,0,1,0,0,0,0,0,1,3,1,0,0,0,0,0,0,6,0,0,0,0,0,0,3,3,0
The RoboBees,103,M,1,0,1,0,0,0,0,0,0,3,0,2,0,0,2,0,0,0,1,0,0,0,0,0,0,3,3,0
Buzz Robotics,103,M,1,0,1,0,0,0,0,0,0,0,3,2,0,0,0,0,0,1,0,0,0,0,0,1,0,2,2,0
Petoskey Paladins,104,L2,1,0,0,0,0,0,0,0,0,1,0,0,0,0,0,0,0,0,0,3,1,0,0,0,0,1,2,0
Brighton TechnoDogs,104,M,1,0,1,0,0,0,0,0,0,1,3,0,3,0,2,1,0,0,0,0,0,0,0,0,0,0,3,0
Bomb Squad,104,R1,1,0,0,0,0,2,0,0,0,0,3,1,1,0,0,0,0,0,2,0,0,3,Bobcats,0,0,3,3,0
Twisted Devils,104,L2,1,1,0,0,0,0,0,0,0,0,2,0,0,0,0,2,0,2,0,0,0,0,0,0,0,0,3,0
BONDS,104,L2,1,1,0,0,0,0,0,0,0,0,2,0,0,0,0,0,0,0,0,2,2,0,0,0,0,0,0,0
Brighton TechnoDogs,104,M,1,0,2,0,0,0,0,0,0,0,2,0,3,0,2,1,0,0,0,0,0,2,3619,0,0,3,3,0
The MidKnight Inventors,106,R1,1,0,0,0,0,1,0,0,0,0,0,2,2,2,2,2,0,0,0,0,0,3,Lindblom Electric Eagles,0,0,1,1,0
Goon Squad,105,L2,1,0,0,1,0,0,0,0,0,0,5,2,0,0,1,2,0,0,0,0,0,0,0,0,0,1,2,0
Solista,105,R2,1,0,0,0,0,1,0,0,0,2,0,0,0,0,0,0,0,0,2,2,1,0,0,0,0,1,1,0
Code Red Robotics the Stray Dogs,105,M,1,0,1,0,0,0,0,0,0,1,0,2,2,1,0,0,0,0,0,0,0,0,0,0,0,3,3,0
Frog Force,106,L1,1,1,0,0,0,0,0,0,0,0,0,0,2,2,0,2,2,2,0,0,0,0,0,0,0,2,2,0
Riverside RoboTigers,106,R2,1,0,1,0,0,0,0,0,0,0,2,2,0,0,2,0,0,0,0,0,0,0,0,0,0,2,2,0
Lindblom Electric Eagles,106,L2,1,0,0,0,0,0,0,0,0,1,0,0,0,0,0,0,0,0,0,3,1,0,0,0,0,0,3,0
Team 0xBE4,106,L2,1,0,0,1,0,0,0,0,0,0,3,0,0,0,2,1,0,0,0,0,0,0,0,0,0,2,2,0
Round Table Robotics,106,R1,1,0,1,0,0,0,0,0,0,0,0,1,2,0,0,0,0,0,2,0,0,1,Machine Mavericks,0,0,3,3,0
S.P.E.E.D,106,M,1,0,1,0,0,0,0,0,0,0,0,2,2,2,0,1,3,0,0,0,0,0,0,0,0,3,3,0
Mineola Wild Reds,107,R2,1,0,0,0,0,0,0,0,0,0,2,0,0,0,0,0,0,0,0,3,1,0,0,0,0,2,2,0
The Blair Robot Project,107,M,1,0,1,0,0,0,0,0,0,0,4,1,0,0,1,0,0,1,0,0,0,0,0,0,0,2,2,0
Formosan Sika,107,L2,1,0,0,0,0,0,0,0,0,0,0,1,0,0,0,0,0,0,0,3,2,0,0,1,2,0,0,0
Machine Mavericks,107,M,1,0,1,0,0,0,0,0,0,0,0,0,0,0,0,0,0,0,0,3,1,0,0,1,0,2,2,0
Aluminati,107,L2,1,1,0,0,0,0,0,0,0,2,4,2,0,0,1,0,0,1,0,0,0,0,0,0,0,1,2,0
X-CATS,108,R2,1,0,0,0,0,0,0,0,0,1,0,0,0,0,0,0,0,0,0,3,2,0,0,0,0,1,1,0
NUTRONs,108,R1,1,0,0,0,0,2,0,0,0,0,3,1,1,2,0,2,1,1,1,0,0,2,Mineola Wild Reds,0,0,3,3,0
Team FridgeBot,108,M,1,0,1,0,0,0,0,0,0,1,0,1,0,0,0,0,0,0,4,0,0,0,0,0,0,3,3,0
Disruptive Technologies,108,L2,1,0,0,0,0,0,0,0,0,1,4,0,0,0,0,0,0,2,0,0,0,0,0,0,0,1,1,0
Charger Robotics,108,L2,1,0,0,1,0,0,0,0,0,1,4,0,0,0,0,0,0,0,2,0,0,0,0,0,0,1,1,0
PVC Pirates,109,M1,1,0,1,0,0,0,0,0,0,0,0,1,0,1,1,0,0,1,1,0,0,3,Bethlehem Eagles,0,0,3,3,0
NC GEARS,109,L2,1,0,0,0,0,0,0,0,0,1,0,2,2,1,0,1,0,0,0,0,0,2,7889,0,0,1,1,0
EC.exe,109,L2,1,0,0,0,0,1,0,0,0,0,0,0,0,0,0,0,0,0,0,3,2,0,0,0,0,2,2,0
Bethlehem Eagles,109,R2,1,0,0,0,0,0,0,0,0,0,1,0,0,0,0,0,0,0,0,3,4,0,0,0,0,1,1,0
Mecanum Knights,109,L1,1,0,1,0,0,0,0,0,0,2,4,1,0,0,0,0,0,2,0,0,0,0,0,0,0,3,3,.
Kil-A-Bytes,109,R2,1,0,0,0,0,0,0,1,0,1,2,0,0,0,0,0,0,2,1,0,0,0,0,0,0,1,2,0
SCH Vulcan Robotics,110,R1,1,0,1,0,0,0,0,0,0,0,1,0,2,0,0,0,0,1,0,0,0,0,0,0,0,3,3,0
Team Rembrandts,110,M,1,0,0,0,0,0,0,0,1,0,0,2,0,0,0,0,0,0,0,0,0,3,8-bit RAMs,0,0,3,3,0
Talon Robotics,110,L2,1,0,0,0,0,0,0,0,0,2,6,0,0,0,0,0,0,0,0,0,0,0,0,0,0,2,2,0
8-bit RAMs,110,R2,1,0,0,0,0,1,0,0,0,0,0,0,0,0,0,0,0,0,0,3,3,0,0,0,0,1,1,0
SWAT,110,R1,1,1,0,0,0,0,0,0,0,0,0,0,0,0,0,0,0,0,0,3,2,0,0,0,0,1,2,0
Fe Maidens,110,R2,1,0,0,0,0,0,0,0,0,1,3,2,0,0,2,0,0,0,0,0,0,0,0,0,0,1,1,0
Code Red Robotics,111,M,1,0,1,0,0,0,0,0,0,0,0,2,2,2,0,0,0,0,2,0,0,0,0,0,0,3,3,0
The Wings of Fire,111,L2,1,0,0,0,0,0,0,0,0,0,4,0,0,0,0,0,0,0,1,1,2,0,0,0,0,3,3,0
Cybersonics,111,R1,1,0,0,0,0,0,0,0,1,0,0,2,2,0,2,2,0,0,0,0,0,2,ThunderColts,0,0,2,2,0
Miracle Workerz,111,R2,1,0,0,0,0,0,0,0,0,0,3,1,0,0,2,2,2,0,0,0,0,0,0,0,0,2,2,0
ThunderColts,111,L2,1,0,1,0,0,0,0,0,0,0,0,0,0,0,0,0,0,0,0,3,2,0,0,0,0,2,2,0
Shaker Robotics,111,L1,1,0,0,0,0,2,2,0,0,2,1,2,0,2,2,2,2,0,0,0,0,0,0,0,0,2,2,0
Droid Rage,112,M,1,0,0,0,0,0,0,0,0,0,0,0,0,0,0,0,0,1,0,0,0,0,0,1,0,0,0,0
Herobotics,112,R2,1,0,0,0,0,0,0,0,1,0,0,0,0,0,0,0,0,0,0,3,2,0,0,0,0,1,1,0
ThunderChickens,112,R2,1,0,0,0,0,2,0,0,0,0,0,2,1,2,2,2,2,0,0,0,0,1,Droid Rage,0,0,3,3,0
Bomb Squad,112,L2,1,0,0,0,0,2,0,0,0,0,3,2,1,1,1,2,0,2,0,0,0,1,3351,0,0,0,0,0
MPArors,112,R2,1,0,2,0,0,0,0,0,0,0,0,0,0,0,0,0,0,0,0,0,0,0,0,0,0,3,3,0
TechHOUNDS,112,L2,1,0,0,0,0,1,0,0,0,0,2,0,0,0,0,0,0,3,1,0,0,2,Herobotics,0,0,1,2,0
Sabre Bytes Robotics,113,R1,1,0,0,0,0,1,0,0,0,1,6,0,0,0,0,0,0,0,0,0,0,0,0,0,0,3,3,0
Digital Fusion,113,M,1,0,0,0,0,0,0,0,0,1,0,1,0,0,0,0,0,1,0,0,0,0,0,0,0,2,2,0
Makers Assemble,113,R2,1,0,1,0,0,0,0,0,0,0,0,0,0,0,0,0,0,0,1,3,1,0,0,0,0,1,2,0
TechFire,113,L2,1,0,0,0,0,1,0,0,0,0,0,1,2,2,2,2,2,0,0,0,0,0,0,0,0,2,2,0
Gompei and the H.E.R.D.,113,L2,1,0,0,0,0,1,0,0,0,1,1,1,0,1,1,0,0,1,0,0,0,0,0,0,0,3,3,0
Java Knights,113,R2,1,0,0,0,0,0,0,0,0,0,3,0,0,0,0,0,0,1,0,0,0,0,0,0,0,1,2,0
The Dynamos,114,R2,1,0,0,0,0,0,0,0,0,0,1,0,0,0,0,0,0,0,0,3,4,0,0,0,0,0,0,0
Pascack Pioneers,114,M,1,0,1,0,0,0,0,0,0,0,1,2,0,0,2,0,0,0,1,0,0,3,The Dynamos,0,0,1,2,0
Riverside RoboTigers,114,L2,1,0,0,0,0,0,0,0,0,0,0,0,0,0,0,0,0,0,0,3,3,0,0,0,0,1,2,0
NUTRONs,114,R1,1,0,0,0,0,1,0,0,0,0,4,0,1,1,0,2,1,1,1,0,0,1,Riverside RoboTigers,0,0,3,3,0
The Bad News Gears,114,L2,1,0,0,0,0,0,0,0,0,0,2,0,0,0,0,0,0,0,0,3,3,0,0,0,0,1,2,0
NC GEARS,114,R2,1,0,0,0,0,0,0,0,0,0,2,1,2,1,1,1,0,1,1,0,0,2,The Dynamos,0,0,0,1,0
Fe Maidens,110,R2,1,0,0,0,0,0,0,0,0,1,3,2,0,0,2,0,0,0,0,0,0,0,0,0,0,1,1,0
Code Red Robotics,111,M,1,0,1,0,0,0,0,0,0,0,0,2,2,2,0,0,0,0,2,0,0,0,0,0,0,3,3,0
The Wings of Fire,111,L2,1,0,0,0,0,0,0,0,0,0,4,0,0,0,0,0,0,0,1,1,2,0,0,0,0,3,3,0
Cybersonics,111,R1,1,0,0,0,0,0,0,0,1,0,0,2,2,0,2,2,0,0,0,0,0,2,ThunderColts,0,0,2,2,0
Miracle Workerz,111,R2,1,0,0,0,0,0,0,0,0,0,3,1,0,0,2,2,2,0,0,0,0,0,0,0,0,2,2,0
ThunderColts,111,L2,1,0,1,0,0,0,0,0,0,0,0,0,0,0,0,0,0,0,0,3,2,0,0,0,0,2,2,0
Shaker Robotics,111,L1,1,0,0,0,0,2,2,0,0,2,1,2,0,2,2,2,2,0,0,0,0,0,0,0,0,2,2,0
Droid Rage,112,M,1,0,0,0,0,0,0,0,0,0,0,0,0,0,0,0,0,1,0,0,0,0,0,1,0,0,0,0
Herobotics,112,R2,1,0,0,0,0,0,0,0,1,0,0,0,0,0,0,0,0,0,0,3,2,0,0,0,0,1,1,0
ThunderChickens,112,R2,1,0,0,0,0,2,0,0,0,0,0,2,1,2,2,2,2,0,0,0,0,1,Droid Rage,0,0,3,3,0
Bomb Squad,112,L2,1,0,0,0,0,2,0,0,0,0,3,2,1,1,1,2,0,2,0,0,0,1,3351,0,0,0,0,0
MPArors,112,R2,1,0,2,0,0,0,0,0,0,0,0,0,0,0,0,0,0,0,0,0,0,0,0,0,0,3,3,0
TechHOUNDS,112,L2,1,0,0,0,0,1,0,0,0,0,2,0,0,0,0,0,0,3,1,0,0,2,Herobotics,0,0,1,2,0
Sabre Bytes Robotics,113,R1,1,0,0,0,0,1,0,0,0,1,6,0,0,0,0,0,0,0,0,0,0,0,0,0,0,3,3,0
Digital Fusion,113,M,1,0,0,0,0,0,0,0,0,1,0,1,0,0,0,0,0,1,0,0,0,0,0,0,0,2,2,0
Makers Assemble,113,R2,1,0,1,0,0,0,0,0,0,0,0,0,0,0,0,0,0,0,1,3,1,0,0,0,0,1,2,0
TechFire,113,L2,1,0,0,0,0,1,0,0,0,0,0,1,2,2,2,2,2,0,0,0,0,0,0,0,0,2,2,0
Gompei and the H.E.R.D.,113,L2,1,0,0,0,0,1,0,0,0,1,1,1,0,1,1,0,0,1,0,0,0,0,0,0,0,3,3,0
Java Knights,113,R2,1,0,0,0,0,0,0,0,0,0,3,0,0,0,0,0,0,1,0,0,0,0,0,0,0,1,2,0
The Dynamos,114,R2,1,0,0,0,0,0,0,0,0,0,1,0,0,0,0,0,0,0,0,3,4,0,0,0,0,0,0,0
Pascack Pioneers,114,M,1,0,1,0,0,0,0,0,0,0,1,2,0,0,2,0,0,0,1,0,0,3,The Dynamos,0,0,1,2,0
Riverside RoboTigers,114,L2,1,0,0,0,0,0,0,0,0,0,0,0,0,0,0,0,0,0,0,3,3,0,0,0,0,1,2,0
NUTRONs,114,R1,1,0,0,0,0,1,0,0,0,0,4,0,1,1,0,2,1,1,1,0,0,1,Riverside RoboTigers,0,0,3,3,0
The Bad News Gears,114,L2,1,0,0,0,0,0,0,0,0,0,2,0,0,0,0,0,0,0,0,3,3,0,0,0,0,1,2,0
NC GEARS,114,R2,1,0,0,0,0,0,0,0,0,0,2,1,2,1,1,1,0,1,1,0,0,2,The Dynamos,0,0,0,1,0
TechFire,114.82,L2,1,0,0,0,0,1,0,0,0,0,4,1,0,2,1,0,2,0,0,0,0,0,0,0,0,3,3,0
Brighton TechnoDogs,114.82,M,1,0,0,0,0,1,0,0,0,1,1,2,2,0,2,1,1,0,0,0,0,1,Team FridgeBot,0,0,3,3,0
ThunderChickens,114.82,L1,1,0,0,0,0,2,0,0,0,0,1,2,1,2,2,2,2,0,0,0,0,0,0,0,0,1,1,0
8-bit RAMs,114.82,L2,1,0,0,1,0,0,0,0,0,0,0,0,0,0,0,0,0,0,0,3,2,0,0,0,0,2,2,0
S.P.E.E.D,114.82,M,1,0,1,0,0,0,0,0,0,0,3,2,0,0,2,0,0,1,1,0,0,3,8-bit RAMs,0,0,3,3,0
